Workbook

Sheet Pre-Season Load
B1: Target Match Load | H1: Weekly Progressions
A2: Position | B2: TD | C2: HMLD | D2: HSR | E2: A+D | F2: BIP m/min | H2: Week 1 | I2: Week 2 | J2: Week 3 | K2: Week 4 | L2: Week 5 | M2: Week 6
A3: Prop | B3: 5626 | C3: 391 | D3: 100 | E3: 31 | F3: 85 | H3: 1.8 | I3: 2.2 | J3: 2.6 | K3: 2.4 | L3: 2.5 | M3: 2.6
A4: Hooker | B4: 5487 | C4: 364 | D4: 140 | E4: 30 | F4: 81 | H4: TD | I4: HMLD | J4: HSR | K4: A+D | L4: TOF | M4: BIP
A5: Lock | B5: 6309 | C5: 563 | D5: 284 | E5: 53 | F5: 103 | G5: Week 1 AVG | H5: =AVERAGE(B14:B22) -> 11526.6 | I5: =AVERAGE(C14:C22) -> 1466.2 | J5: =AVERAGE(D14:D22) -> 908.2 | K5: =AVERAGE(E14:E22) -> 137 | L5: 260 | M5: 26
A6: Back row | B6: 6399 | C6: 698 | D6: 356 | E6: 71 | F6: 106 | G6: Week 2 AVG | H6: =AVERAGE(B26:B34) -> 14088.067 | I6: =AVERAGE(C26:C34) -> 1792.0222 | J6: =AVERAGE(D26:D34) -> 1110.0222 | K6: =AVERAGE(E26:E34) -> 167.44444 | L6: 275 | M6: 34
A7: Scrum-half | B7: 6484 | C7: 1193 | D7: 819 | E7: 102 | F7: 106 | G7: Week 3 AVG | H7: =AVERAGE(B38:B46) -> 16649.533 | I7: =AVERAGE(C38:C46) -> 2117.8444 | J7: =AVERAGE(D38:D46) -> 1311.8444 | K7: =AVERAGE(E38:E46) -> 197.88889 | L7: 295 | M7: 44
A8: Fly-half | B8: 6056 | C8: 661 | D8: 269 | E8: 87 | F8: 95 | G8: Week 4 AVG | H8: =AVERAGE(B50:B58) -> 15368.8 | I8: =AVERAGE(C50:C58) -> 1954.9333 | J8: =AVERAGE(D50:D58) -> 1210.9333 | K8: =AVERAGE(E50:E58) -> 182.66667 | L8: 270 | M8: 40
A9: Center | B9: 6757 | C9: 1075 | D9: 733 | E9: 113 | F9: 112 | G9: Week 5 AVG | H9: =AVERAGE(B62:B70) -> 16009.167 | I9: =AVERAGE(C62:C70) -> 2036.3889 | J9: =AVERAGE(D62:D70) -> 1261.3889 | K9: =AVERAGE(E62:E70) -> 190.27778 | L9: 305 | M9: 54
A10: Wing | B10: 7385 | C10: 1291 | D10: 1034 | E10: 105 | F10: 130 | G10: Week 6 AVG | H10: =AVERAGE(B74:B82) -> 16649.533 | I10: =AVERAGE(C74:C82) -> 2117.8444 | J10: =AVERAGE(D74:D82) -> 1311.8444 | K10: =AVERAGE(E74:E82) -> 197.88889 | L10: 315 | M10: 18
A11: Fullback | B11: 7130 | C11: 1095 | D11: 806 | E11: 93 | F11: 121 | H11: 0.1 | I11: 0.1 | J11: 0.1 | K11: 0.05 | M11: 0.35 | N11: 0.35 | O11: 0.5 | P11: 0.3 | R11: 0.4 | S11: 0.45 | T11: 0.35 | U11: 0.5 | W11: 0.15 | X11: 0.1 | Y11: 0.05 | Z11: 0.15 | AB11: Week 1 TOF
A12: Week 1 | H12: Monday - Speed Testing | M12: Tuesday - Bronco Testing | R12: Thursday - Shuttle Testing | W12: Friday - Skills | AB12: Mon | AC12: 60
A13: Position | B13: TD | C13: HMLD | D13: HSR | E13: A+D | F13: BIP m/min | H13: TD | I13: HMLD | J13: HSR | K13: A+D | M13: TD | N13: HMLD | O13: HSR | P13: A+D | R13: TD | S13: HMLD | T13: HSR | U13: A+D | W13: TD | X13: HMLD | Y13: HSR | Z13: A+D | AB13: Tue | AC13: 70
A14: Prop | B14: =B3*$H$3 -> 10126.8 | C14: =C3*$H$3 -> 703.8 | D14: =D3*$H$3 -> 180 | E14: =E3*$H$3 -> 55.8 | F14: 85 | H14: =B14*$H$11 -> 1012.68 | I14: =C14*$I$11 -> 70.38 | J14: =D14*$J$11 -> 18 | K14: =E14*$K$11 -> 2.79 | M14: =B14*$M$11 -> 3544.38 | N14: =C14*$N$11 -> 246.33 | O14: =D14*$O$11 -> 90 | P14: =E14*$P$11 -> 16.74 | R14: =B14*$R$11 -> 4050.72 | S14: =C14*$S$11 -> 316.71 | T14: =D14*$T$11 -> 63 | U14: =E14*$U$11 -> 27.9 | W14: =B14*$W$11 -> 1519.02 | X14: =C14*$X$11 -> 70.38 | Y14: =D14*$Y$11 -> 9 | Z14: =E14*$Z$11 -> 8.37 | AB14: Thu | AC14: 70
A15: Hooker | B15: =B4*$H$3 -> 9876.6 | C15: =C4*$H$3 -> 655.2 | D15: =D4*$H$3 -> 252 | E15: =E4*$H$3 -> 54 | F15: 81 | H15: =B15*$H$11 -> 987.66 | I15: =C15*$I$11 -> 65.52 | J15: =D15*$J$11 -> 25.2 | K15: =E15*$K$11 -> 2.7 | M15: =B15*$M$11 -> 3456.81 | N15: =C15*$N$11 -> 229.32 | O15: =D15*$O$11 -> 126 | P15: =E15*$P$11 -> 16.2 | R15: =B15*$R$11 -> 3950.64 | S15: =C15*$S$11 -> 294.84 | T15: =D15*$T$11 -> 88.2 | U15: =E15*$U$11 -> 27 | W15: =B15*$W$11 -> 1481.49 | X15: =C15*$X$11 -> 65.52 | Y15: =D15*$Y$11 -> 12.6 | Z15: =E15*$Z$11 -> 8.1 | AB15: Fri | AC15: 60
A16: Lock | B16: =B5*$H$3 -> 11356.2 | C16: =C5*$H$3 -> 1013.4 | D16: =D5*$H$3 -> 511.2 | E16: =E5*$H$3 -> 95.4 | F16: 103 | H16: =B16*$H$11 -> 1135.62 | I16: =C16*$I$11 -> 101.34 | J16: =D16*$J$11 -> 51.12 | K16: =E16*$K$11 -> 4.77 | M16: =B16*$M$11 -> 3974.67 | N16: =C16*$N$11 -> 354.69 | O16: =D16*$O$11 -> 255.6 | P16: =E16*$P$11 -> 28.62 | R16: =B16*$R$11 -> 4542.48 | S16: =C16*$S$11 -> 456.03 | T16: =D16*$T$11 -> 178.92 | U16: =E16*$U$11 -> 47.7 | W16: =B16*$W$11 -> 1703.43 | X16: =C16*$X$11 -> 101.34 | Y16: =D16*$Y$11 -> 25.56 | Z16: =E16*$Z$11 -> 14.31 | AC16: =SUM(AC12:AC15) -> 260
A17: Back row | B17: =B6*$H$3 -> 11518.2 | C17: =C6*$H$3 -> 1256.4 | D17: =D6*$H$3 -> 640.8 | E17: =E6*$H$3 -> 127.8 | F17: 106 | H17: =B17*$H$11 -> 1151.82 | I17: =C17*$I$11 -> 125.64 | J17: =D17*$J$11 -> 64.08 | K17: =E17*$K$11 -> 6.39 | M17: =B17*$M$11 -> 4031.37 | N17: =C17*$N$11 -> 439.74 | O17: =D17*$O$11 -> 320.4 | P17: =E17*$P$11 -> 38.34 | R17: =B17*$R$11 -> 4607.28 | S17: =C17*$S$11 -> 565.38 | T17: =D17*$T$11 -> 224.28 | U17: =E17*$U$11 -> 63.9 | W17: =B17*$W$11 -> 1727.73 | X17: =C17*$X$11 -> 125.64 | Y17: =D17*$Y$11 -> 32.04 | Z17: =E17*$Z$11 -> 19.17 | AB17: Week 2 TOF
A18: Scrum-half | B18: =B7*$H$3 -> 11671.2 | C18: =C7*$H$3 -> 2147.4 | D18: =D7*$H$3 -> 1474.2 | E18: =E7*$H$3 -> 183.6 | F18: 106 | H18: =B18*$H$11 -> 1167.12 | I18: =C18*$I$11 -> 214.74 | J18: =D18*$J$11 -> 147.42 | K18: =E18*$K$11 -> 9.18 | M18: =B18*$M$11 -> 4084.92 | N18: =C18*$N$11 -> 751.59 | O18: =D18*$O$11 -> 737.1 | P18: =E18*$P$11 -> 55.08 | R18: =B18*$R$11 -> 4668.48 | S18: =C18*$S$11 -> 966.33 | T18: =D18*$T$11 -> 515.97 | U18: =E18*$U$11 -> 91.8 | W18: =B18*$W$11 -> 1750.68 | X18: =C18*$X$11 -> 214.74 | Y18: =D18*$Y$11 -> 73.71 | Z18: =E18*$Z$11 -> 27.54 | AB18: Mon | AC18: 60
A19: Fly-half | B19: =B8*$H$3 -> 10900.8 | C19: =C8*$H$3 -> 1189.8 | D19: =D8*$H$3 -> 484.2 | E19: =E8*$H$3 -> 156.6 | F19: 95 | H19: =B19*$H$11 -> 1090.08 | I19: =C19*$I$11 -> 118.98 | J19: =D19*$J$11 -> 48.42 | K19: =E19*$K$11 -> 7.83 | M19: =B19*$M$11 -> 3815.28 | N19: =C19*$N$11 -> 416.43 | O19: =D19*$O$11 -> 242.1 | P19: =E19*$P$11 -> 46.98 | R19: =B19*$R$11 -> 4360.32 | S19: =C19*$S$11 -> 535.41 | T19: =D19*$T$11 -> 169.47 | U19: =E19*$U$11 -> 78.3 | W19: =B19*$W$11 -> 1635.12 | X19: =C19*$X$11 -> 118.98 | Y19: =D19*$Y$11 -> 24.21 | Z19: =E19*$Z$11 -> 23.49 | AB19: Tue | AC19: 75
A20: Center | B20: =B9*$H$3 -> 12162.6 | C20: =C9*$H$3 -> 1935 | D20: =D9*$H$3 -> 1319.4 | E20: =E9*$H$3 -> 203.4 | F20: 112 | H20: =B20*$H$11 -> 1216.26 | I20: =C20*$I$11 -> 193.5 | J20: =D20*$J$11 -> 131.94 | K20: =E20*$K$11 -> 10.17 | M20: =B20*$M$11 -> 4256.91 | N20: =C20*$N$11 -> 677.25 | O20: =D20*$O$11 -> 659.7 | P20: =E20*$P$11 -> 61.02 | R20: =B20*$R$11 -> 4865.04 | S20: =C20*$S$11 -> 870.75 | T20: =D20*$T$11 -> 461.79 | U20: =E20*$U$11 -> 101.7 | W20: =B20*$W$11 -> 1824.39 | X20: =C20*$X$11 -> 193.5 | Y20: =D20*$Y$11 -> 65.97 | Z20: =E20*$Z$11 -> 30.51 | AB20: Thu | AC20: 80
A21: Wing | B21: =B10*$H$3 -> 13293 | C21: =C10*$H$3 -> 2323.8 | D21: =D10*$H$3 -> 1861.2 | E21: =E10*$H$3 -> 189 | F21: 130 | H21: =B21*$H$11 -> 1329.3 | I21: =C21*$I$11 -> 232.38 | J21: =D21*$J$11 -> 186.12 | K21: =E21*$K$11 -> 9.45 | M21: =B21*$M$11 -> 4652.55 | N21: =C21*$N$11 -> 813.33 | O21: =D21*$O$11 -> 930.6 | P21: =E21*$P$11 -> 56.7 | R21: =B21*$R$11 -> 5317.2 | S21: =C21*$S$11 -> 1045.71 | T21: =D21*$T$11 -> 651.42 | U21: =E21*$U$11 -> 94.5 | W21: =B21*$W$11 -> 1993.95 | X21: =C21*$X$11 -> 232.38 | Y21: =D21*$Y$11 -> 93.06 | Z21: =E21*$Z$11 -> 28.35 | AB21: Fri | AC21: 60
A22: Fullback | B22: =B11*$H$3 -> 12834 | C22: =C11*$H$3 -> 1971 | D22: =D11*$H$3 -> 1450.8 | E22: =E11*$H$3 -> 167.4 | F22: 121 | H22: =B22*$H$11 -> 1283.4 | I22: =C22*$I$11 -> 197.1 | J22: =D22*$J$11 -> 145.08 | K22: =E22*$K$11 -> 8.37 | M22: =B22*$M$11 -> 4491.9 | N22: =C22*$N$11 -> 689.85 | O22: =D22*$O$11 -> 725.4 | P22: =E22*$P$11 -> 50.22 | R22: =B22*$R$11 -> 5133.6 | S22: =C22*$S$11 -> 886.95 | T22: =D22*$T$11 -> 507.78 | U22: =E22*$U$11 -> 83.7 | W22: =B22*$W$11 -> 1925.1 | X22: =C22*$X$11 -> 197.1 | Y22: =D22*$Y$11 -> 72.54 | Z22: =E22*$Z$11 -> 25.11 | AC22: =SUM(AC18:AC21) -> 275
H23: 0.15 | I23: 0.1 | J23: 0.1 | K23: 0.1 | M23: 0.35 | N23: 0.35 | O23: 0.5 | P23: 0.3 | R23: 0.4 | S23: 0.45 | T23: 0.35 | U23: 0.5 | W23: 0.1 | X23: 0.1 | Y23: 0.05 | Z23: 0.1 | AB23: Week 3 TOF
A24: Week 2 | H24: Monday - Skills | M24: Tuesday - Team | R24: Thursday - Team | W24: Friday - Skills | AB24: Mon | AC24: 60
A25: Position | B25: TD | C25: HMLD | D25: HSR | E25: A+D | F25: BIP m/min | H25: TD | I25: HMLD | J25: HSR | K25: A+D | M25: TD | N25: HMLD | O25: HSR | P25: A+D | R25: TD | S25: HMLD | T25: HSR | U25: A+D | W25: TD | X25: HMLD | Y25: HSR | Z25: A+D | AB25: Tue | AC25: 80
A26: Prop | B26: =B3*$I$3 -> 12377.2 | C26: =C3*$I$3 -> 860.2 | D26: =D3*$I$3 -> 220 | E26: =E3*$I$3 -> 68.2 | F26: 85 | H26: =B26*$H$23 -> 1856.58 | I26: =C26*$I$23 -> 86.02 | J26: =D26*$J$23 -> 22 | K26: =E26*$K$23 -> 6.82 | M26: =B26*$M$23 -> 4332.02 | N26: =C26*$N$23 -> 301.07 | O26: =D26*$O$23 -> 110 | P26: =E26*$P$23 -> 20.46 | R26: =B26*$R$23 -> 4950.88 | S26: =C26*$S$23 -> 387.09 | T26: =D26*$T$23 -> 77 | U26: =E26*$U$23 -> 34.1 | W26: =B26*$W$23 -> 1237.72 | X26: =C26*$X$23 -> 86.02 | Y26: =D26*$Y$23 -> 11 | Z26: =E26*$Z$23 -> 6.82 | AB26: Thu | AC26: 85
A27: Hooker | B27: =B4*$I$3 -> 12071.4 | C27: =C4*$I$3 -> 800.8 | D27: =D4*$I$3 -> 308 | E27: =E4*$I$3 -> 66 | F27: 81 | H27: =B27*$H$23 -> 1810.71 | I27: =C27*$I$23 -> 80.08 | J27: =D27*$J$23 -> 30.8 | K27: =E27*$K$23 -> 6.6 | M27: =B27*$M$23 -> 4224.99 | N27: =C27*$N$23 -> 280.28 | O27: =D27*$O$23 -> 154 | P27: =E27*$P$23 -> 19.8 | R27: =B27*$R$23 -> 4828.56 | S27: =C27*$S$23 -> 360.36 | T27: =D27*$T$23 -> 107.8 | U27: =E27*$U$23 -> 33 | W27: =B27*$W$23 -> 1207.14 | X27: =C27*$X$23 -> 80.08 | Y27: =D27*$Y$23 -> 15.4 | Z27: =E27*$Z$23 -> 6.6 | AB27: Sat | AC27: 70
A28: Lock | B28: =B5*$I$3 -> 13879.8 | C28: =C5*$I$3 -> 1238.6 | D28: =D5*$I$3 -> 624.8 | E28: =E5*$I$3 -> 116.6 | F28: 103 | H28: =B28*$H$23 -> 2081.97 | I28: =C28*$I$23 -> 123.86 | J28: =D28*$J$23 -> 62.48 | K28: =E28*$K$23 -> 11.66 | M28: =B28*$M$23 -> 4857.93 | N28: =C28*$N$23 -> 433.51 | O28: =D28*$O$23 -> 312.4 | P28: =E28*$P$23 -> 34.98 | R28: =B28*$R$23 -> 5551.92 | S28: =C28*$S$23 -> 557.37 | T28: =D28*$T$23 -> 218.68 | U28: =E28*$U$23 -> 58.3 | W28: =B28*$W$23 -> 1387.98 | X28: =C28*$X$23 -> 123.86 | Y28: =D28*$Y$23 -> 31.24 | Z28: =E28*$Z$23 -> 11.66 | AC28: =SUM(AC24:AC27) -> 295
A29: Back row | B29: =B6*$I$3 -> 14077.8 | C29: =C6*$I$3 -> 1535.6 | D29: =D6*$I$3 -> 783.2 | E29: =E6*$I$3 -> 156.2 | F29: 106 | H29: =B29*$H$23 -> 2111.67 | I29: =C29*$I$23 -> 153.56 | J29: =D29*$J$23 -> 78.32 | K29: =E29*$K$23 -> 15.62 | M29: =B29*$M$23 -> 4927.23 | N29: =C29*$N$23 -> 537.46 | O29: =D29*$O$23 -> 391.6 | P29: =E29*$P$23 -> 46.86 | R29: =B29*$R$23 -> 5631.12 | S29: =C29*$S$23 -> 691.02 | T29: =D29*$T$23 -> 274.12 | U29: =E29*$U$23 -> 78.1 | W29: =B29*$W$23 -> 1407.78 | X29: =C29*$X$23 -> 153.56 | Y29: =D29*$Y$23 -> 39.16 | Z29: =E29*$Z$23 -> 15.62 | AB29: Week 4 TOF
A30: Scrum-half | B30: =B7*$I$3 -> 14264.8 | C30: =C7*$I$3 -> 2624.6 | D30: =D7*$I$3 -> 1801.8 | E30: =E7*$I$3 -> 224.4 | F30: 106 | H30: =B30*$H$23 -> 2139.72 | I30: =C30*$I$23 -> 262.46 | J30: =D30*$J$23 -> 180.18 | K30: =E30*$K$23 -> 22.44 | M30: =B30*$M$23 -> 4992.68 | N30: =C30*$N$23 -> 918.61 | O30: =D30*$O$23 -> 900.9 | P30: =E30*$P$23 -> 67.32 | R30: =B30*$R$23 -> 5705.92 | S30: =C30*$S$23 -> 1181.07 | T30: =D30*$T$23 -> 630.63 | U30: =E30*$U$23 -> 112.2 | W30: =B30*$W$23 -> 1426.48 | X30: =C30*$X$23 -> 262.46 | Y30: =D30*$Y$23 -> 90.09 | Z30: =E30*$Z$23 -> 22.44 | AB30: Mon | AC30: 45
A31: Fly-half | B31: =B8*$I$3 -> 13323.2 | C31: =C8*$I$3 -> 1454.2 | D31: =D8*$I$3 -> 591.8 | E31: =E8*$I$3 -> 191.4 | F31: 95 | H31: =B31*$H$23 -> 1998.48 | I31: =C31*$I$23 -> 145.42 | J31: =D31*$J$23 -> 59.18 | K31: =E31*$K$23 -> 19.14 | M31: =B31*$M$23 -> 4663.12 | N31: =C31*$N$23 -> 508.97 | O31: =D31*$O$23 -> 295.9 | P31: =E31*$P$23 -> 57.42 | R31: =B31*$R$23 -> 5329.28 | S31: =C31*$S$23 -> 654.39 | T31: =D31*$T$23 -> 207.13 | U31: =E31*$U$23 -> 95.7 | W31: =B31*$W$23 -> 1332.32 | X31: =C31*$X$23 -> 145.42 | Y31: =D31*$Y$23 -> 29.59 | Z31: =E31*$Z$23 -> 19.14 | AB31: Tue | AC31: 80
A32: Center | B32: =B9*$I$3 -> 14865.4 | C32: =C9*$I$3 -> 2365 | D32: =D9*$I$3 -> 1612.6 | E32: =E9*$I$3 -> 248.6 | F32: 112 | H32: =B32*$H$23 -> 2229.81 | I32: =C32*$I$23 -> 236.5 | J32: =D32*$J$23 -> 161.26 | K32: =E32*$K$23 -> 24.86 | M32: =B32*$M$23 -> 5202.89 | N32: =C32*$N$23 -> 827.75 | O32: =D32*$O$23 -> 806.3 | P32: =E32*$P$23 -> 74.58 | R32: =B32*$R$23 -> 5946.16 | S32: =C32*$S$23 -> 1064.25 | T32: =D32*$T$23 -> 564.41 | U32: =E32*$U$23 -> 124.3 | W32: =B32*$W$23 -> 1486.54 | X32: =C32*$X$23 -> 236.5 | Y32: =D32*$Y$23 -> 80.63 | Z32: =E32*$Z$23 -> 24.86 | AB32: Thu | AC32: 85
A33: Wing | B33: =B10*$I$3 -> 16247 | C33: =C10*$I$3 -> 2840.2 | D33: =D10*$I$3 -> 2274.8 | E33: =E10*$I$3 -> 231 | F33: 130 | H33: =B33*$H$23 -> 2437.05 | I33: =C33*$I$23 -> 284.02 | J33: =D33*$J$23 -> 227.48 | K33: =E33*$K$23 -> 23.1 | M33: =B33*$M$23 -> 5686.45 | N33: =C33*$N$23 -> 994.07 | O33: =D33*$O$23 -> 1137.4 | P33: =E33*$P$23 -> 69.3 | R33: =B33*$R$23 -> 6498.8 | S33: =C33*$S$23 -> 1278.09 | T33: =D33*$T$23 -> 796.18 | U33: =E33*$U$23 -> 115.5 | W33: =B33*$W$23 -> 1624.7 | X33: =C33*$X$23 -> 284.02 | Y33: =D33*$Y$23 -> 113.74 | Z33: =E33*$Z$23 -> 23.1 | AB33: Sat | AC33: 60
A34: Fullback | B34: =B11*$I$3 -> 15686 | C34: =C11*$I$3 -> 2409 | D34: =D11*$I$3 -> 1773.2 | E34: =E11*$I$3 -> 204.6 | F34: 121 | H34: =B34*$H$23 -> 2352.9 | I34: =C34*$I$23 -> 240.9 | J34: =D34*$J$23 -> 177.32 | K34: =E34*$K$23 -> 20.46 | M34: =B34*$M$23 -> 5490.1 | N34: =C34*$N$23 -> 843.15 | O34: =D34*$O$23 -> 886.6 | P34: =E34*$P$23 -> 61.38 | R34: =B34*$R$23 -> 6274.4 | S34: =C34*$S$23 -> 1084.05 | T34: =D34*$T$23 -> 620.62 | U34: =E34*$U$23 -> 102.3 | W34: =B34*$W$23 -> 1568.6 | X34: =C34*$X$23 -> 240.9 | Y34: =D34*$Y$23 -> 88.66 | Z34: =E34*$Z$23 -> 20.46 | AC34: =SUM(AC30:AC33) -> 270
H35: 0.1 | I35: 0.1 | J35: 0.1 | K35: 0.1 | M35: 0.3 | N35: 0.3 | O35: 0.3 | P35: 0.25 | R35: 0.3 | S35: 0.35 | T35: 0.4 | U35: 0.35 | W35: 0.3 | X35: 0.25 | Y35: 0.2 | Z35: 0.3 | AB35: Week 5 TOF
A36: Week 3 | H36: Monday - Skills | M36: Tuesday - Team | R36: Thursday - Team | W36: Saturday - Team | AB36: Mon | AC36: 60
A37: Position | B37: TD | C37: HMLD | D37: HSR | E37: A+D | F37: BIP m/min | H37: TD | I37: HMLD | J37: HSR | K37: A+D | M37: TD | N37: HMLD | O37: HSR | P37: A+D | R37: TD | S37: HMLD | T37: HSR | U37: A+D | W37: TD | X37: HMLD | Y37: HSR | Z37: A+D | AB37: Tue | AC37: 85
A38: Prop | B38: =B3*$J$3 -> 14627.6 | C38: =C3*$J$3 -> 1016.6 | D38: =D3*$J$3 -> 260 | E38: =E3*$J$3 -> 80.6 | F38: 85 | H38: =B38*$H$35 -> 1462.76 | I38: =C38*$I$35 -> 101.66 | J38: =D38*$J$35 -> 26 | K38: =E38*$K$35 -> 8.06 | M38: =B38*$M$35 -> 4388.28 | N38: =C38*$N$35 -> 304.98 | O38: =D38*$O$35 -> 78 | P38: =E38*$P$35 -> 20.15 | R38: =B38*$R$35 -> 4388.28 | S38: =C38*$S$35 -> 355.81 | T38: =D38*$T$35 -> 104 | U38: =E38*$U$35 -> 28.21 | W38: =B38*$W$35 -> 4388.28 | X38: =C38*$X$35 -> 254.15 | Y38: =D38*$Y$35 -> 52 | Z38: =E38*$Z$35 -> 24.18 | AB38: Thu | AC38: 90
A39: Hooker | B39: =B4*$J$3 -> 14266.2 | C39: =C4*$J$3 -> 946.4 | D39: =D4*$J$3 -> 364 | E39: =E4*$J$3 -> 78 | F39: 81 | H39: =B39*$H$35 -> 1426.62 | I39: =C39*$I$35 -> 94.64 | J39: =D39*$J$35 -> 36.4 | K39: =E39*$K$35 -> 7.8 | M39: =B39*$M$35 -> 4279.86 | N39: =C39*$N$35 -> 283.92 | O39: =D39*$O$35 -> 109.2 | P39: =E39*$P$35 -> 19.5 | R39: =B39*$R$35 -> 4279.86 | S39: =C39*$S$35 -> 331.24 | T39: =D39*$T$35 -> 145.6 | U39: =E39*$U$35 -> 27.3 | W39: =B39*$W$35 -> 4279.86 | X39: =C39*$X$35 -> 236.6 | Y39: =D39*$Y$35 -> 72.8 | Z39: =E39*$Z$35 -> 23.4 | AB39: Sat | AC39: 70
A40: Lock | B40: =B5*$J$3 -> 16403.4 | C40: =C5*$J$3 -> 1463.8 | D40: =D5*$J$3 -> 738.4 | E40: =E5*$J$3 -> 137.8 | F40: 103 | H40: =B40*$H$35 -> 1640.34 | I40: =C40*$I$35 -> 146.38 | J40: =D40*$J$35 -> 73.84 | K40: =E40*$K$35 -> 13.78 | M40: =B40*$M$35 -> 4921.02 | N40: =C40*$N$35 -> 439.14 | O40: =D40*$O$35 -> 221.52 | P40: =E40*$P$35 -> 34.45 | R40: =B40*$R$35 -> 4921.02 | S40: =C40*$S$35 -> 512.33 | T40: =D40*$T$35 -> 295.36 | U40: =E40*$U$35 -> 48.23 | W40: =B40*$W$35 -> 4921.02 | X40: =C40*$X$35 -> 365.95 | Y40: =D40*$Y$35 -> 147.68 | Z40: =E40*$Z$35 -> 41.34 | AC40: =SUM(AC36:AC39) -> 305
A41: Back row | B41: =B6*$J$3 -> 16637.4 | C41: =C6*$J$3 -> 1814.8 | D41: =D6*$J$3 -> 925.6 | E41: =E6*$J$3 -> 184.6 | F41: 106 | H41: =B41*$H$35 -> 1663.74 | I41: =C41*$I$35 -> 181.48 | J41: =D41*$J$35 -> 92.56 | K41: =E41*$K$35 -> 18.46 | M41: =B41*$M$35 -> 4991.22 | N41: =C41*$N$35 -> 544.44 | O41: =D41*$O$35 -> 277.68 | P41: =E41*$P$35 -> 46.15 | R41: =B41*$R$35 -> 4991.22 | S41: =C41*$S$35 -> 635.18 | T41: =D41*$T$35 -> 370.24 | U41: =E41*$U$35 -> 64.61 | W41: =B41*$W$35 -> 4991.22 | X41: =C41*$X$35 -> 453.7 | Y41: =D41*$Y$35 -> 185.12 | Z41: =E41*$Z$35 -> 55.38 | AB41: Week 6 TOF
A42: Scrum-half | B42: =B7*$J$3 -> 16858.4 | C42: =C7*$J$3 -> 3101.8 | D42: =D7*$J$3 -> 2129.4 | E42: =E7*$J$3 -> 265.2 | F42: 106 | H42: =B42*$H$35 -> 1685.84 | I42: =C42*$I$35 -> 310.18 | J42: =D42*$J$35 -> 212.94 | K42: =E42*$K$35 -> 26.52 | M42: =B42*$M$35 -> 5057.52 | N42: =C42*$N$35 -> 930.54 | O42: =D42*$O$35 -> 638.82 | P42: =E42*$P$35 -> 66.3 | R42: =B42*$R$35 -> 5057.52 | S42: =C42*$S$35 -> 1085.63 | T42: =D42*$T$35 -> 851.76 | U42: =E42*$U$35 -> 92.82 | W42: =B42*$W$35 -> 5057.52 | X42: =C42*$X$35 -> 775.45 | Y42: =D42*$Y$35 -> 425.88 | Z42: =E42*$Z$35 -> 79.56 | AB42: Mon | AC42: 45
A43: Fly-half | B43: =B8*$J$3 -> 15745.6 | C43: =C8*$J$3 -> 1718.6 | D43: =D8*$J$3 -> 699.4 | E43: =E8*$J$3 -> 226.2 | F43: 95 | H43: =B43*$H$35 -> 1574.56 | I43: =C43*$I$35 -> 171.86 | J43: =D43*$J$35 -> 69.94 | K43: =E43*$K$35 -> 22.62 | M43: =B43*$M$35 -> 4723.68 | N43: =C43*$N$35 -> 515.58 | O43: =D43*$O$35 -> 209.82 | P43: =E43*$P$35 -> 56.55 | R43: =B43*$R$35 -> 4723.68 | S43: =C43*$S$35 -> 601.51 | T43: =D43*$T$35 -> 279.76 | U43: =E43*$U$35 -> 79.17 | W43: =B43*$W$35 -> 4723.68 | X43: =C43*$X$35 -> 429.65 | Y43: =D43*$Y$35 -> 139.88 | Z43: =E43*$Z$35 -> 67.86 | AB43: Tue | AC43: 80
A44: Center | B44: =B9*$J$3 -> 17568.2 | C44: =C9*$J$3 -> 2795 | D44: =D9*$J$3 -> 1905.8 | E44: =E9*$J$3 -> 293.8 | F44: 112 | H44: =B44*$H$35 -> 1756.82 | I44: =C44*$I$35 -> 279.5 | J44: =D44*$J$35 -> 190.58 | K44: =E44*$K$35 -> 29.38 | M44: =B44*$M$35 -> 5270.46 | N44: =C44*$N$35 -> 838.5 | O44: =D44*$O$35 -> 571.74 | P44: =E44*$P$35 -> 73.45 | R44: =B44*$R$35 -> 5270.46 | S44: =C44*$S$35 -> 978.25 | T44: =D44*$T$35 -> 762.32 | U44: =E44*$U$35 -> 102.83 | W44: =B44*$W$35 -> 5270.46 | X44: =C44*$X$35 -> 698.75 | Y44: =D44*$Y$35 -> 381.16 | Z44: =E44*$Z$35 -> 88.14 | AB44: Thu | AC44: 70
A45: Wing | B45: =B10*$J$3 -> 19201 | C45: =C10*$J$3 -> 3356.6 | D45: =D10*$J$3 -> 2688.4 | E45: =E10*$J$3 -> 273 | F45: 130 | H45: =B45*$H$35 -> 1920.1 | I45: =C45*$I$35 -> 335.66 | J45: =D45*$J$35 -> 268.84 | K45: =E45*$K$35 -> 27.3 | M45: =B45*$M$35 -> 5760.3 | N45: =C45*$N$35 -> 1006.98 | O45: =D45*$O$35 -> 806.52 | P45: =E45*$P$35 -> 68.25 | R45: =B45*$R$35 -> 5760.3 | S45: =C45*$S$35 -> 1174.81 | T45: =D45*$T$35 -> 1075.36 | U45: =E45*$U$35 -> 95.55 | W45: =B45*$W$35 -> 5760.3 | X45: =C45*$X$35 -> 839.15 | Y45: =D45*$Y$35 -> 537.68 | Z45: =E45*$Z$35 -> 81.9 | AB45: Sat | AC45: 120
A46: Fullback | B46: =B11*$J$3 -> 18538 | C46: =C11*$J$3 -> 2847 | D46: =D11*$J$3 -> 2095.6 | E46: =E11*$J$3 -> 241.8 | F46: 121 | H46: =B46*$H$35 -> 1853.8 | I46: =C46*$I$35 -> 284.7 | J46: =D46*$J$35 -> 209.56 | K46: =E46*$K$35 -> 24.18 | M46: =B46*$M$35 -> 5561.4 | N46: =C46*$N$35 -> 854.1 | O46: =D46*$O$35 -> 628.68 | P46: =E46*$P$35 -> 60.45 | R46: =B46*$R$35 -> 5561.4 | S46: =C46*$S$35 -> 996.45 | T46: =D46*$T$35 -> 838.24 | U46: =E46*$U$35 -> 84.63 | W46: =B46*$W$35 -> 5561.4 | X46: =C46*$X$35 -> 711.75 | Y46: =D46*$Y$35 -> 419.12 | Z46: =E46*$Z$35 -> 72.54 | AC46: =SUM(AC42:AC45) -> 315
H47: 0.1 | I47: 0.1 | J47: 0.1 | K47: 0.1 | M47: 0.3 | N47: 0.3 | O47: 0.3 | P47: 0.25 | R47: 0.3 | S47: 0.35 | T47: 0.4 | U47: 0.35 | W47: 0.3 | X47: 0.25 | Y47: 0.2 | Z47: 0.3
A48: Week 4 | H48: Monday - Skills | M48: Tuesday - Team | R48: Thursday - Team | W48: Saturday - Team
A49: Position | B49: TD | C49: HMLD | D49: HSR | E49: A+D | F49: BIP m/min | H49: TD | I49: HMLD | J49: HSR | K49: A+D | M49: TD | N49: HMLD | O49: HSR | P49: A+D | R49: TD | S49: HMLD | T49: HSR | U49: A+D | W49: TD | X49: HMLD | Y49: HSR | Z49: A+D
A50: Prop | B50: =B3*$K$3 -> 13502.4 | C50: =C3*$K$3 -> 938.4 | D50: =D3*$K$3 -> 240 | E50: =E3*$K$3 -> 74.4 | F50: 85 | H50: =B50*$H$47 -> 1350.24 | I50: =C50*$I$47 -> 93.84 | J50: =D50*$J$47 -> 24 | K50: =E50*$K$47 -> 7.44 | M50: =B50*$M$47 -> 4050.72 | N50: =C50*$N$47 -> 281.52 | O50: =D50*$O$47 -> 72 | P50: =E50*$P$47 -> 18.6 | R50: =B50*$R$47 -> 4050.72 | S50: =C50*$S$47 -> 328.44 | T50: =D50*$T$47 -> 96 | U50: =E50*$U$47 -> 26.04 | W50: =B50*$W$47 -> 4050.72 | X50: =C50*$X$47 -> 234.6 | Y50: =D50*$Y$47 -> 48 | Z50: =E50*$Z$47 -> 22.32
A51: Hooker | B51: =B4*$K$3 -> 13168.8 | C51: =C4*$K$3 -> 873.6 | D51: =D4*$K$3 -> 336 | E51: =E4*$K$3 -> 72 | F51: 81 | H51: =B51*$H$47 -> 1316.88 | I51: =C51*$I$47 -> 87.36 | J51: =D51*$J$47 -> 33.6 | K51: =E51*$K$47 -> 7.2 | M51: =B51*$M$47 -> 3950.64 | N51: =C51*$N$47 -> 262.08 | O51: =D51*$O$47 -> 100.8 | P51: =E51*$P$47 -> 18 | R51: =B51*$R$47 -> 3950.64 | S51: =C51*$S$47 -> 305.76 | T51: =D51*$T$47 -> 134.4 | U51: =E51*$U$47 -> 25.2 | W51: =B51*$W$47 -> 3950.64 | X51: =C51*$X$47 -> 218.4 | Y51: =D51*$Y$47 -> 67.2 | Z51: =E51*$Z$47 -> 21.6
A52: Lock | B52: =B5*$K$3 -> 15141.6 | C52: =C5*$K$3 -> 1351.2 | D52: =D5*$K$3 -> 681.6 | E52: =E5*$K$3 -> 127.2 | F52: 103 | H52: =B52*$H$47 -> 1514.16 | I52: =C52*$I$47 -> 135.12 | J52: =D52*$J$47 -> 68.16 | K52: =E52*$K$47 -> 12.72 | M52: =B52*$M$47 -> 4542.48 | N52: =C52*$N$47 -> 405.36 | O52: =D52*$O$47 -> 204.48 | P52: =E52*$P$47 -> 31.8 | R52: =B52*$R$47 -> 4542.48 | S52: =C52*$S$47 -> 472.92 | T52: =D52*$T$47 -> 272.64 | U52: =E52*$U$47 -> 44.52 | W52: =B52*$W$47 -> 4542.48 | X52: =C52*$X$47 -> 337.8 | Y52: =D52*$Y$47 -> 136.32 | Z52: =E52*$Z$47 -> 38.16
A53: Back row | B53: =B6*$K$3 -> 15357.6 | C53: =C6*$K$3 -> 1675.2 | D53: =D6*$K$3 -> 854.4 | E53: =E6*$K$3 -> 170.4 | F53: 106 | H53: =B53*$H$47 -> 1535.76 | I53: =C53*$I$47 -> 167.52 | J53: =D53*$J$47 -> 85.44 | K53: =E53*$K$47 -> 17.04 | M53: =B53*$M$47 -> 4607.28 | N53: =C53*$N$47 -> 502.56 | O53: =D53*$O$47 -> 256.32 | P53: =E53*$P$47 -> 42.6 | R53: =B53*$R$47 -> 4607.28 | S53: =C53*$S$47 -> 586.32 | T53: =D53*$T$47 -> 341.76 | U53: =E53*$U$47 -> 59.64 | W53: =B53*$W$47 -> 4607.28 | X53: =C53*$X$47 -> 418.8 | Y53: =D53*$Y$47 -> 170.88 | Z53: =E53*$Z$47 -> 51.12
A54: Scrum-half | B54: =B7*$K$3 -> 15561.6 | C54: =C7*$K$3 -> 2863.2 | D54: =D7*$K$3 -> 1965.6 | E54: =E7*$K$3 -> 244.8 | F54: 106 | H54: =B54*$H$47 -> 1556.16 | I54: =C54*$I$47 -> 286.32 | J54: =D54*$J$47 -> 196.56 | K54: =E54*$K$47 -> 24.48 | M54: =B54*$M$47 -> 4668.48 | N54: =C54*$N$47 -> 858.96 | O54: =D54*$O$47 -> 589.68 | P54: =E54*$P$47 -> 61.2 | R54: =B54*$R$47 -> 4668.48 | S54: =C54*$S$47 -> 1002.12 | T54: =D54*$T$47 -> 786.24 | U54: =E54*$U$47 -> 85.68 | W54: =B54*$W$47 -> 4668.48 | X54: =C54*$X$47 -> 715.8 | Y54: =D54*$Y$47 -> 393.12 | Z54: =E54*$Z$47 -> 73.44
A55: Fly-half | B55: =B8*$K$3 -> 14534.4 | C55: =C8*$K$3 -> 1586.4 | D55: =D8*$K$3 -> 645.6 | E55: =E8*$K$3 -> 208.8 | F55: 95 | H55: =B55*$H$47 -> 1453.44 | I55: =C55*$I$47 -> 158.64 | J55: =D55*$J$47 -> 64.56 | K55: =E55*$K$47 -> 20.88 | M55: =B55*$M$47 -> 4360.32 | N55: =C55*$N$47 -> 475.92 | O55: =D55*$O$47 -> 193.68 | P55: =E55*$P$47 -> 52.2 | R55: =B55*$R$47 -> 4360.32 | S55: =C55*$S$47 -> 555.24 | T55: =D55*$T$47 -> 258.24 | U55: =E55*$U$47 -> 73.08 | W55: =B55*$W$47 -> 4360.32 | X55: =C55*$X$47 -> 396.6 | Y55: =D55*$Y$47 -> 129.12 | Z55: =E55*$Z$47 -> 62.64
A56: Center | B56: =B9*$K$3 -> 16216.8 | C56: =C9*$K$3 -> 2580 | D56: =D9*$K$3 -> 1759.2 | E56: =E9*$K$3 -> 271.2 | F56: 112 | H56: =B56*$H$47 -> 1621.68 | I56: =C56*$I$47 -> 258 | J56: =D56*$J$47 -> 175.92 | K56: =E56*$K$47 -> 27.12 | M56: =B56*$M$47 -> 4865.04 | N56: =C56*$N$47 -> 774 | O56: =D56*$O$47 -> 527.76 | P56: =E56*$P$47 -> 67.8 | R56: =B56*$R$47 -> 4865.04 | S56: =C56*$S$47 -> 903 | T56: =D56*$T$47 -> 703.68 | U56: =E56*$U$47 -> 94.92 | W56: =B56*$W$47 -> 4865.04 | X56: =C56*$X$47 -> 645 | Y56: =D56*$Y$47 -> 351.84 | Z56: =E56*$Z$47 -> 81.36
A57: Wing | B57: =B10*$K$3 -> 17724 | C57: =C10*$K$3 -> 3098.4 | D57: =D10*$K$3 -> 2481.6 | E57: =E10*$K$3 -> 252 | F57: 130 | H57: =B57*$H$47 -> 1772.4 | I57: =C57*$I$47 -> 309.84 | J57: =D57*$J$47 -> 248.16 | K57: =E57*$K$47 -> 25.2 | M57: =B57*$M$47 -> 5317.2 | N57: =C57*$N$47 -> 929.52 | O57: =D57*$O$47 -> 744.48 | P57: =E57*$P$47 -> 63 | R57: =B57*$R$47 -> 5317.2 | S57: =C57*$S$47 -> 1084.44 | T57: =D57*$T$47 -> 992.64 | U57: =E57*$U$47 -> 88.2 | W57: =B57*$W$47 -> 5317.2 | X57: =C57*$X$47 -> 774.6 | Y57: =D57*$Y$47 -> 496.32 | Z57: =E57*$Z$47 -> 75.6
A58: Fullback | B58: =B11*$K$3 -> 17112 | C58: =C11*$K$3 -> 2628 | D58: =D11*$K$3 -> 1934.4 | E58: =E11*$K$3 -> 223.2 | F58: 121 | H58: =B58*$H$47 -> 1711.2 | I58: =C58*$I$47 -> 262.8 | J58: =D58*$J$47 -> 193.44 | K58: =E58*$K$47 -> 22.32 | M58: =B58*$M$47 -> 5133.6 | N58: =C58*$N$47 -> 788.4 | O58: =D58*$O$47 -> 580.32 | P58: =E58*$P$47 -> 55.8 | R58: =B58*$R$47 -> 5133.6 | S58: =C58*$S$47 -> 919.8 | T58: =D58*$T$47 -> 773.76 | U58: =E58*$U$47 -> 78.12 | W58: =B58*$W$47 -> 5133.6 | X58: =C58*$X$47 -> 657 | Y58: =D58*$Y$47 -> 386.88 | Z58: =E58*$Z$47 -> 66.96
H59: 0.1 | I59: 0.1 | J59: 0.1 | K59: 0.1 | M59: 0.3 | N59: 0.3 | O59: 0.3 | P59: 0.25 | R59: 0.3 | S59: 0.35 | T59: 0.4 | U59: 0.35 | W59: 0.3 | X59: 0.25 | Y59: 0.2 | Z59: 0.3
A60: Week 5 | H60: Monday - Skills | M60: Tuesday - Team | R60: Thursday - Team | W60: Saturday - Team
A61: Position | B61: TD | C61: HMLD | D61: HSR | E61: A+D | F61: BIP m/min | H61: TD | I61: HMLD | J61: HSR | K61: A+D | M61: TD | N61: HMLD | O61: HSR | P61: A+D | R61: TD | S61: HMLD | T61: HSR | U61: A+D | W61: TD | X61: HMLD | Y61: HSR | Z61: A+D
A62: Prop | B62: =B3*$L$3 -> 14065 | C62: =C3*$L$3 -> 977.5 | D62: =D3*$L$3 -> 250 | E62: =E3*$L$3 -> 77.5 | F62: 85 | H62: =B62*$H$59 -> 1406.5 | I62: =C62*$I$59 -> 97.75 | J62: =D62*$J$59 -> 25 | K62: =E62*$K$59 -> 7.75 | M62: =B62*$M$59 -> 4219.5 | N62: =C62*$N$59 -> 293.25 | O62: =D62*$O$59 -> 75 | P62: =E62*$P$59 -> 19.375 | R62: =B62*$R$59 -> 4219.5 | S62: =C62*$S$59 -> 342.125 | T62: =D62*$T$59 -> 100 | U62: =E62*$U$59 -> 27.125 | W62: =B62*$W$59 -> 4219.5 | X62: =C62*$X$59 -> 244.375 | Y62: =D62*$Y$59 -> 50 | Z62: =E62*$Z$59 -> 23.25
A63: Hooker | B63: =B4*$L$3 -> 13717.5 | C63: =C4*$L$3 -> 910 | D63: =D4*$L$3 -> 350 | E63: =E4*$L$3 -> 75 | F63: 81 | H63: =B63*$H$59 -> 1371.75 | I63: =C63*$I$59 -> 91 | J63: =D63*$J$59 -> 35 | K63: =E63*$K$59 -> 7.5 | M63: =B63*$M$59 -> 4115.25 | N63: =C63*$N$59 -> 273 | O63: =D63*$O$59 -> 105 | P63: =E63*$P$59 -> 18.75 | R63: =B63*$R$59 -> 4115.25 | S63: =C63*$S$59 -> 318.5 | T63: =D63*$T$59 -> 140 | U63: =E63*$U$59 -> 26.25 | W63: =B63*$W$59 -> 4115.25 | X63: =C63*$X$59 -> 227.5 | Y63: =D63*$Y$59 -> 70 | Z63: =E63*$Z$59 -> 22.5
A64: Lock | B64: =B5*$L$3 -> 15772.5 | C64: =C5*$L$3 -> 1407.5 | D64: =D5*$L$3 -> 710 | E64: =E5*$L$3 -> 132.5 | F64: 103 | H64: =B64*$H$59 -> 1577.25 | I64: =C64*$I$59 -> 140.75 | J64: =D64*$J$59 -> 71 | K64: =E64*$K$59 -> 13.25 | M64: =B64*$M$59 -> 4731.75 | N64: =C64*$N$59 -> 422.25 | O64: =D64*$O$59 -> 213 | P64: =E64*$P$59 -> 33.125 | R64: =B64*$R$59 -> 4731.75 | S64: =C64*$S$59 -> 492.625 | T64: =D64*$T$59 -> 284 | U64: =E64*$U$59 -> 46.375 | W64: =B64*$W$59 -> 4731.75 | X64: =C64*$X$59 -> 351.875 | Y64: =D64*$Y$59 -> 142 | Z64: =E64*$Z$59 -> 39.75
A65: Back row | B65: =B6*$L$3 -> 15997.5 | C65: =C6*$L$3 -> 1745 | D65: =D6*$L$3 -> 890 | E65: =E6*$L$3 -> 177.5 | F65: 106 | H65: =B65*$H$59 -> 1599.75 | I65: =C65*$I$59 -> 174.5 | J65: =D65*$J$59 -> 89 | K65: =E65*$K$59 -> 17.75 | M65: =B65*$M$59 -> 4799.25 | N65: =C65*$N$59 -> 523.5 | O65: =D65*$O$59 -> 267 | P65: =E65*$P$59 -> 44.375 | R65: =B65*$R$59 -> 4799.25 | S65: =C65*$S$59 -> 610.75 | T65: =D65*$T$59 -> 356 | U65: =E65*$U$59 -> 62.125 | W65: =B65*$W$59 -> 4799.25 | X65: =C65*$X$59 -> 436.25 | Y65: =D65*$Y$59 -> 178 | Z65: =E65*$Z$59 -> 53.25
A66: Scrum-half | B66: =B7*$L$3 -> 16210 | C66: =C7*$L$3 -> 2982.5 | D66: =D7*$L$3 -> 2047.5 | E66: =E7*$L$3 -> 255 | F66: 106 | H66: =B66*$H$59 -> 1621 | I66: =C66*$I$59 -> 298.25 | J66: =D66*$J$59 -> 204.75 | K66: =E66*$K$59 -> 25.5 | M66: =B66*$M$59 -> 4863 | N66: =C66*$N$59 -> 894.75 | O66: =D66*$O$59 -> 614.25 | P66: =E66*$P$59 -> 63.75 | R66: =B66*$R$59 -> 4863 | S66: =C66*$S$59 -> 1043.875 | T66: =D66*$T$59 -> 819 | U66: =E66*$U$59 -> 89.25 | W66: =B66*$W$59 -> 4863 | X66: =C66*$X$59 -> 745.625 | Y66: =D66*$Y$59 -> 409.5 | Z66: =E66*$Z$59 -> 76.5
A67: Fly-half | B67: =B8*$L$3 -> 15140 | C67: =C8*$L$3 -> 1652.5 | D67: =D8*$L$3 -> 672.5 | E67: =E8*$L$3 -> 217.5 | F67: 95 | H67: =B67*$H$59 -> 1514 | I67: =C67*$I$59 -> 165.25 | J67: =D67*$J$59 -> 67.25 | K67: =E67*$K$59 -> 21.75 | M67: =B67*$M$59 -> 4542 | N67: =C67*$N$59 -> 495.75 | O67: =D67*$O$59 -> 201.75 | P67: =E67*$P$59 -> 54.375 | R67: =B67*$R$59 -> 4542 | S67: =C67*$S$59 -> 578.375 | T67: =D67*$T$59 -> 269 | U67: =E67*$U$59 -> 76.125 | W67: =B67*$W$59 -> 4542 | X67: =C67*$X$59 -> 413.125 | Y67: =D67*$Y$59 -> 134.5 | Z67: =E67*$Z$59 -> 65.25
A68: Center | B68: =B9*$L$3 -> 16892.5 | C68: =C9*$L$3 -> 2687.5 | D68: =D9*$L$3 -> 1832.5 | E68: =E9*$L$3 -> 282.5 | F68: 112 | H68: =B68*$H$59 -> 1689.25 | I68: =C68*$I$59 -> 268.75 | J68: =D68*$J$59 -> 183.25 | K68: =E68*$K$59 -> 28.25 | M68: =B68*$M$59 -> 5067.75 | N68: =C68*$N$59 -> 806.25 | O68: =D68*$O$59 -> 549.75 | P68: =E68*$P$59 -> 70.625 | R68: =B68*$R$59 -> 5067.75 | S68: =C68*$S$59 -> 940.625 | T68: =D68*$T$59 -> 733 | U68: =E68*$U$59 -> 98.875 | W68: =B68*$W$59 -> 5067.75 | X68: =C68*$X$59 -> 671.875 | Y68: =D68*$Y$59 -> 366.5 | Z68: =E68*$Z$59 -> 84.75
A69: Wing | B69: =B10*$L$3 -> 18462.5 | C69: =C10*$L$3 -> 3227.5 | D69: =D10*$L$3 -> 2585 | E69: =E10*$L$3 -> 262.5 | F69: 130 | H69: =B69*$H$59 -> 1846.25 | I69: =C69*$I$59 -> 322.75 | J69: =D69*$J$59 -> 258.5 | K69: =E69*$K$59 -> 26.25 | M69: =B69*$M$59 -> 5538.75 | N69: =C69*$N$59 -> 968.25 | O69: =D69*$O$59 -> 775.5 | P69: =E69*$P$59 -> 65.625 | R69: =B69*$R$59 -> 5538.75 | S69: =C69*$S$59 -> 1129.625 | T69: =D69*$T$59 -> 1034 | U69: =E69*$U$59 -> 91.875 | W69: =B69*$W$59 -> 5538.75 | X69: =C69*$X$59 -> 806.875 | Y69: =D69*$Y$59 -> 517 | Z69: =E69*$Z$59 -> 78.75
A70: Fullback | B70: =B11*$L$3 -> 17825 | C70: =C11*$L$3 -> 2737.5 | D70: =D11*$L$3 -> 2015 | E70: =E11*$L$3 -> 232.5 | F70: 121 | H70: =B70*$H$59 -> 1782.5 | I70: =C70*$I$59 -> 273.75 | J70: =D70*$J$59 -> 201.5 | K70: =E70*$K$59 -> 23.25 | M70: =B70*$M$59 -> 5347.5 | N70: =C70*$N$59 -> 821.25 | O70: =D70*$O$59 -> 604.5 | P70: =E70*$P$59 -> 58.125 | R70: =B70*$R$59 -> 5347.5 | S70: =C70*$S$59 -> 958.125 | T70: =D70*$T$59 -> 806 | U70: =E70*$U$59 -> 81.375 | W70: =B70*$W$59 -> 5347.5 | X70: =C70*$X$59 -> 684.375 | Y70: =D70*$Y$59 -> 403 | Z70: =E70*$Z$59 -> 69.75
H71: 0.1 | I71: 0.05 | J71: 0.02 | K71: 0.05 | M71: 0.3 | N71: 0.35 | O71: 0.28 | P71: 0.35 | R71: 0.25 | S71: 0.25 | T71: 0.3 | U71: 0.25 | W71: 0.35 | X71: 0.35 | Y71: 0.4 | Z71: 0.35
A72: Week 6 | H72: Monday - Skills | M72: Tuesday - Team | R72: Thursday - Team | W72: Saturday - Scrimmage
A73: Position | B73: TD | C73: HMLD | D73: HSR | E73: A+D | F73: BIP m/min | H73: TD | I73: HMLD | J73: HSR | K73: A+D | M73: TD | N73: HMLD | O73: HSR | P73: A+D | R73: TD | S73: HMLD | T73: HSR | U73: A+D | W73: TD | X73: HMLD | Y73: HSR | Z73: A+D
A74: Prop | B74: =B3*$M$3 -> 14627.6 | C74: =C3*$M$3 -> 1016.6 | D74: =D3*$M$3 -> 260 | E74: =E3*$M$3 -> 80.6 | F74: 85 | H74: =B74*$H$71 -> 1462.76 | I74: =C74*$I$71 -> 50.83 | J74: =D74*$J$71 -> 5.2 | K74: =E74*$K$71 -> 4.03 | M74: =B74*$M$71 -> 4388.28 | N74: =C74*$N$71 -> 355.81 | O74: =D74*$O$71 -> 72.8 | P74: =E74*$P$71 -> 28.21 | R74: =B74*$R$71 -> 3656.9 | S74: =C74*$S$71 -> 254.15 | T74: =D74*$T$71 -> 78 | U74: =E74*$U$71 -> 20.15 | W74: =B74*$W$71 -> 5119.66 | X74: =C74*$X$71 -> 355.81 | Y74: =D74*$Y$71 -> 104 | Z74: =E74*$Z$71 -> 28.21
A75: Hooker | B75: =B4*$M$3 -> 14266.2 | C75: =C4*$M$3 -> 946.4 | D75: =D4*$M$3 -> 364 | E75: =E4*$M$3 -> 78 | F75: 81 | H75: =B75*$H$71 -> 1426.62 | I75: =C75*$I$71 -> 47.32 | J75: =D75*$J$71 -> 7.28 | K75: =E75*$K$71 -> 3.9 | M75: =B75*$M$71 -> 4279.86 | N75: =C75*$N$71 -> 331.24 | O75: =D75*$O$71 -> 101.92 | P75: =E75*$P$71 -> 27.3 | R75: =B75*$R$71 -> 3566.55 | S75: =C75*$S$71 -> 236.6 | T75: =D75*$T$71 -> 109.2 | U75: =E75*$U$71 -> 19.5 | W75: =B75*$W$71 -> 4993.17 | X75: =C75*$X$71 -> 331.24 | Y75: =D75*$Y$71 -> 145.6 | Z75: =E75*$Z$71 -> 27.3
A76: Lock | B76: =B5*$M$3 -> 16403.4 | C76: =C5*$M$3 -> 1463.8 | D76: =D5*$M$3 -> 738.4 | E76: =E5*$M$3 -> 137.8 | F76: 103 | H76: =B76*$H$71 -> 1640.34 | I76: =C76*$I$71 -> 73.19 | J76: =D76*$J$71 -> 14.768 | K76: =E76*$K$71 -> 6.89 | M76: =B76*$M$71 -> 4921.02 | N76: =C76*$N$71 -> 512.33 | O76: =D76*$O$71 -> 206.752 | P76: =E76*$P$71 -> 48.23 | R76: =B76*$R$71 -> 4100.85 | S76: =C76*$S$71 -> 365.95 | T76: =D76*$T$71 -> 221.52 | U76: =E76*$U$71 -> 34.45 | W76: =B76*$W$71 -> 5741.19 | X76: =C76*$X$71 -> 512.33 | Y76: =D76*$Y$71 -> 295.36 | Z76: =E76*$Z$71 -> 48.23
A77: Back row | B77: =B6*$M$3 -> 16637.4 | C77: =C6*$M$3 -> 1814.8 | D77: =D6*$M$3 -> 925.6 | E77: =E6*$M$3 -> 184.6 | F77: 106 | H77: =B77*$H$71 -> 1663.74 | I77: =C77*$I$71 -> 90.74 | J77: =D77*$J$71 -> 18.512 | K77: =E77*$K$71 -> 9.23 | M77: =B77*$M$71 -> 4991.22 | N77: =C77*$N$71 -> 635.18 | O77: =D77*$O$71 -> 259.168 | P77: =E77*$P$71 -> 64.61 | R77: =B77*$R$71 -> 4159.35 | S77: =C77*$S$71 -> 453.7 | T77: =D77*$T$71 -> 277.68 | U77: =E77*$U$71 -> 46.15 | W77: =B77*$W$71 -> 5823.09 | X77: =C77*$X$71 -> 635.18 | Y77: =D77*$Y$71 -> 370.24 | Z77: =E77*$Z$71 -> 64.61
A78: Scrum-half | B78: =B7*$M$3 -> 16858.4 | C78: =C7*$M$3 -> 3101.8 | D78: =D7*$M$3 -> 2129.4 | E78: =E7*$M$3 -> 265.2 | F78: 106 | H78: =B78*$H$71 -> 1685.84 | I78: =C78*$I$71 -> 155.09 | J78: =D78*$J$71 -> 42.588 | K78: =E78*$K$71 -> 13.26 | M78: =B78*$M$71 -> 5057.52 | N78: =C78*$N$71 -> 1085.63 | O78: =D78*$O$71 -> 596.232 | P78: =E78*$P$71 -> 92.82 | R78: =B78*$R$71 -> 4214.6 | S78: =C78*$S$71 -> 775.45 | T78: =D78*$T$71 -> 638.82 | U78: =E78*$U$71 -> 66.3 | W78: =B78*$W$71 -> 5900.44 | X78: =C78*$X$71 -> 1085.63 | Y78: =D78*$Y$71 -> 851.76 | Z78: =E78*$Z$71 -> 92.82
A79: Fly-half | B79: =B8*$M$3 -> 15745.6 | C79: =C8*$M$3 -> 1718.6 | D79: =D8*$M$3 -> 699.4 | E79: =E8*$M$3 -> 226.2 | F79: 95 | H79: =B79*$H$71 -> 1574.56 | I79: =C79*$I$71 -> 85.93 | J79: =D79*$J$71 -> 13.988 | K79: =E79*$K$71 -> 11.31 | M79: =B79*$M$71 -> 4723.68 | N79: =C79*$N$71 -> 601.51 | O79: =D79*$O$71 -> 195.832 | P79: =E79*$P$71 -> 79.17 | R79: =B79*$R$71 -> 3936.4 | S79: =C79*$S$71 -> 429.65 | T79: =D79*$T$71 -> 209.82 | U79: =E79*$U$71 -> 56.55 | W79: =B79*$W$71 -> 5510.96 | X79: =C79*$X$71 -> 601.51 | Y79: =D79*$Y$71 -> 279.76 | Z79: =E79*$Z$71 -> 79.17
A80: Center | B80: =B9*$M$3 -> 17568.2 | C80: =C9*$M$3 -> 2795 | D80: =D9*$M$3 -> 1905.8 | E80: =E9*$M$3 -> 293.8 | F80: 112 | H80: =B80*$H$71 -> 1756.82 | I80: =C80*$I$71 -> 139.75 | J80: =D80*$J$71 -> 38.116 | K80: =E80*$K$71 -> 14.69 | M80: =B80*$M$71 -> 5270.46 | N80: =C80*$N$71 -> 978.25 | O80: =D80*$O$71 -> 533.624 | P80: =E80*$P$71 -> 102.83 | R80: =B80*$R$71 -> 4392.05 | S80: =C80*$S$71 -> 698.75 | T80: =D80*$T$71 -> 571.74 | U80: =E80*$U$71 -> 73.45 | W80: =B80*$W$71 -> 6148.87 | X80: =C80*$X$71 -> 978.25 | Y80: =D80*$Y$71 -> 762.32 | Z80: =E80*$Z$71 -> 102.83
A81: Wing | B81: =B10*$M$3 -> 19201 | C81: =C10*$M$3 -> 3356.6 | D81: =D10*$M$3 -> 2688.4 | E81: =E10*$M$3 -> 273 | F81: 130 | H81: =B81*$H$71 -> 1920.1 | I81: =C81*$I$71 -> 167.83 | J81: =D81*$J$71 -> 53.768 | K81: =E81*$K$71 -> 13.65 | M81: =B81*$M$71 -> 5760.3 | N81: =C81*$N$71 -> 1174.81 | O81: =D81*$O$71 -> 752.752 | P81: =E81*$P$71 -> 95.55 | R81: =B81*$R$71 -> 4800.25 | S81: =C81*$S$71 -> 839.15 | T81: =D81*$T$71 -> 806.52 | U81: =E81*$U$71 -> 68.25 | W81: =B81*$W$71 -> 6720.35 | X81: =C81*$X$71 -> 1174.81 | Y81: =D81*$Y$71 -> 1075.36 | Z81: =E81*$Z$71 -> 95.55
A82: Fullback | B82: =B11*$M$3 -> 18538 | C82: =C11*$M$3 -> 2847 | D82: =D11*$M$3 -> 2095.6 | E82: =E11*$M$3 -> 241.8 | F82: 121 | H82: =B82*$H$71 -> 1853.8 | I82: =C82*$I$71 -> 142.35 | J82: =D82*$J$71 -> 41.912 | K82: =E82*$K$71 -> 12.09 | M82: =B82*$M$71 -> 5561.4 | N82: =C82*$N$71 -> 996.45 | O82: =D82*$O$71 -> 586.768 | P82: =E82*$P$71 -> 84.63 | R82: =B82*$R$71 -> 4634.5 | S82: =C82*$S$71 -> 711.75 | T82: =D82*$T$71 -> 628.68 | U82: =E82*$U$71 -> 60.45 | W82: =B82*$W$71 -> 6488.3 | X82: =C82*$X$71 -> 996.45 | Y82: =D82*$Y$71 -> 838.24 | Z82: =E82*$Z$71 -> 84.63

Sheet In-Season Load
B1: Target Match Load | H1: Weekly Progressions - In-Season Peaking Plan
A2: Position | B2: TD | C2: HMLD | D2: HSR | E2: A+D | F2: BIP m/min
A3: Prop | B3: ='Pre-Season Load'!B3 -> 5626 | C3: ='Pre-Season Load'!C3 -> 391 | D3: ='Pre-Season Load'!D3 -> 100 | E3: ='Pre-Season Load'!E3 -> 31 | F3: ='Pre-Season Load'!F3 -> 85 | G3: Week | H3: Dates | I3: Saturday | J3: Focus | K3: Load Scalar | L3: Avg TD | M3: Avg HMLD | N3: Avg HSR | O3: Avg A+D | P3: Weekly TOF | Q3: Weekly Total (x Match)
A4: Hooker | B4: ='Pre-Season Load'!B4 -> 5487 | C4: ='Pre-Season Load'!C4 -> 364 | D4: ='Pre-Season Load'!D4 -> 140 | E4: ='Pre-Season Load'!E4 -> 30 | F4: ='Pre-Season Load'!F4 -> 81 | G4: Week 1 | H4: 9/21 - 9/27 | I4: 46291 | J4: Normal load | K4: 1 | L4: =AVERAGE(B22:B30) -> 16969.717 | M4: =AVERAGE(C22:C30) -> 2158.5722 | N4: =AVERAGE(D22:D30) -> 1291.6622 | O4: =AVERAGE(E22:E30) -> 227.57222 | P4: =AR27 -> 300 | Q4: =L4/AVERAGE($B$3:$B$11) -> 2.65
A5: Lock | B5: ='Pre-Season Load'!B5 -> 6309 | C5: ='Pre-Season Load'!C5 -> 563 | D5: ='Pre-Season Load'!D5 -> 284 | E5: ='Pre-Season Load'!E5 -> 53 | F5: ='Pre-Season Load'!F5 -> 103 | G5: Week 2 | H5: 9/28 - 10/4 | I5: 46298 | J5: Normal load | K5: 0.96 | L5: =AVERAGE(B34:B42) -> 16547.075 | M5: =AVERAGE(C34:C42) -> 2104.8116 | N5: =AVERAGE(D34:D42) -> 1260.178 | O5: =AVERAGE(E34:E42) -> 221.51378 | P5: =AR39 -> 300 | Q5: =L5/AVERAGE($B$3:$B$11) -> 2.584
A6: Back row | B6: ='Pre-Season Load'!B6 -> 6399 | C6: ='Pre-Season Load'!C6 -> 698 | D6: ='Pre-Season Load'!D6 -> 356 | E6: ='Pre-Season Load'!E6 -> 71 | F6: ='Pre-Season Load'!F6 -> 106 | G6: Week 3 | H6: 10/5 - 10/11 | I6: 46305 | J6: PEAK - taper | K6: 1 | L6: =AVERAGE(B46:B54) -> 14728.433 | M6: =AVERAGE(C46:C54) -> 1873.4778 | N6: =AVERAGE(D46:D54) -> 1130.2044 | O6: =AVERAGE(E46:E54) -> 192.56111 | P6: =AR51 -> 265 | Q6: =L6/AVERAGE($B$3:$B$11) -> 2.3
A7: Scrum-half | B7: ='Pre-Season Load'!B7 -> 6484 | C7: ='Pre-Season Load'!C7 -> 1193 | D7: ='Pre-Season Load'!D7 -> 819 | E7: ='Pre-Season Load'!E7 -> 102 | F7: ='Pre-Season Load'!F7 -> 106 | G7: Week 4 | H7: 10/12 - 10/18 | I7: 46312 | J7: Reload | K7: 1 | L7: =AVERAGE(B58:B66) -> 16969.717 | M7: =AVERAGE(C58:C66) -> 2158.5722 | N7: =AVERAGE(D58:D66) -> 1291.6622 | O7: =AVERAGE(E58:E66) -> 227.57222 | P7: =AR63 -> 300 | Q7: =L7/AVERAGE($B$3:$B$11) -> 2.65
A8: Fly-half | B8: ='Pre-Season Load'!B8 -> 6056 | C8: ='Pre-Season Load'!C8 -> 661 | D8: ='Pre-Season Load'!D8 -> 269 | E8: ='Pre-Season Load'!E8 -> 87 | F8: ='Pre-Season Load'!F8 -> 95 | G8: Week 5 | H8: 10/19 - 10/25 | I8: BYE | J8: DELOAD - recovery | K8: 1 | L8: =AVERAGE(B70:B78) -> 8452.84 | M8: =AVERAGE(C70:C78) -> 1107.7956 | N8: =AVERAGE(D70:D78) -> 655.92222 | O8: =AVERAGE(E70:E78) -> 120.25556 | P8: =AR75 -> 175 | Q8: =L8/AVERAGE($B$3:$B$11) -> 1.32
A9: Center | B9: ='Pre-Season Load'!B9 -> 6757 | C9: ='Pre-Season Load'!C9 -> 1075 | D9: ='Pre-Season Load'!D9 -> 733 | E9: ='Pre-Season Load'!E9 -> 113 | F9: ='Pre-Season Load'!F9 -> 112 | G9: Week 6 | H9: 10/26 - 11/1 | I9: 46326 | J9: Normal load | K9: 1 | L9: =AVERAGE(B82:B90) -> 16969.717 | M9: =AVERAGE(C82:C90) -> 2158.5722 | N9: =AVERAGE(D82:D90) -> 1291.6622 | O9: =AVERAGE(E82:E90) -> 227.57222 | P9: =AR87 -> 300 | Q9: =L9/AVERAGE($B$3:$B$11) -> 2.65
A10: Wing | B10: ='Pre-Season Load'!B10 -> 7385 | C10: ='Pre-Season Load'!C10 -> 1291 | D10: ='Pre-Season Load'!D10 -> 1034 | E10: ='Pre-Season Load'!E10 -> 105 | F10: ='Pre-Season Load'!F10 -> 130 | G10: Week 7 | H10: 11/2 - 11/8 | I10: 46333 | J10: Pre-taper | K10: 0.93 | L10: =AVERAGE(B94:B102) -> 16230.093 | M10: =AVERAGE(C94:C102) -> 2064.4911 | N10: =AVERAGE(D94:D102) -> 1236.5648 | O10: =AVERAGE(E94:E102) -> 216.96994 | P10: =AR99 -> 300 | Q10: =L10/AVERAGE($B$3:$B$11) -> 2.5345
A11: Fullback | B11: ='Pre-Season Load'!B11 -> 7130 | C11: ='Pre-Season Load'!C11 -> 1095 | D11: ='Pre-Season Load'!D11 -> 806 | E11: ='Pre-Season Load'!E11 -> 93 | F11: ='Pre-Season Load'!F11 -> 121 | G11: Week 8 | H11: 11/9 - 11/15 | I11: 46340 | J11: PEAK - taper | K11: 1 | L11: =AVERAGE(B106:B114) -> 14728.433 | M11: =AVERAGE(C106:C114) -> 1873.4778 | N11: =AVERAGE(D106:D114) -> 1130.2044 | O11: =AVERAGE(E106:E114) -> 192.56111 | P11: =AR111 -> 265 | Q11: =L11/AVERAGE($B$3:$B$11) -> 2.3
G12: Week 9 | H12: 11/16 - 11/22 | I12: 46347 | J12: Reload | K12: 0.97 | L12: =AVERAGE(B118:B126) -> 16652.735 | M12: =AVERAGE(C118:C126) -> 2118.2517 | N12: =AVERAGE(D118:D126) -> 1268.049 | O12: =AVERAGE(E118:E126) -> 223.02839 | P12: =AR123 -> 300 | Q12: =L12/AVERAGE($B$3:$B$11) -> 2.6005
G13: Week 10 | H13: 11/23 - 11/29 | I13: OFF | J13: DELOAD - Thanksgiving | K13: 1 | L13: =AVERAGE(B130:B138) -> 8837.06 | M13: =AVERAGE(C130:C138) -> 1172.96 | N13: =AVERAGE(D130:D138) -> 691.24111 | O13: =AVERAGE(E130:E138) -> 129.38889 | P13: =AR135 -> 185 | Q13: =L13/AVERAGE($B$3:$B$11) -> 1.38
G14: Week 11 | H14: 11/30 - 12/6 | I14: 46361 | J14: PEAK - taper | K14: 1 | L14: =AVERAGE(B142:B150) -> 14728.433 | M14: =AVERAGE(C142:C150) -> 1873.4778 | N14: =AVERAGE(D142:D150) -> 1130.2044 | O14: =AVERAGE(E142:E150) -> 192.56111 | P14: =AR147 -> 265 | Q14: =L14/AVERAGE($B$3:$B$11) -> 2.3
A16: Session % = share of MATCH load (see note). Weekly total is the sum of the 7 sessions.
H19: 0.22 | I19: 0.18 | J19: 0.15 | K19: 0.2 | M19: 0.25 | N19: 0.28 | O19: 0.35 | P19: 0.4 | R19: 0.42 | S19: 0.45 | T19: 0.38 | U19: 0.5 | W19: 0.2 | X19: 0.22 | Y19: 0.28 | Z19: 0.32 | AB19: 0.38 | AC19: 0.4 | AD19: 0.32 | AE19: 0.45 | AG19: 0.18 | AH19: 0.12 | AI19: 0.08 | AJ19: 0.12 | AL19: 1 | AM19: 1 | AN19: 1 | AO19: 1 | AQ19: Week 1 TOF (min)
A20: Week 1 | 9/21 - 9/27 | Match 9/26 | H20: Monday - Light Training | M20: Tuesday AM - Units | R20: Tuesday PM - Team | W20: Thursday AM - Units | AB20: Thursday PM - Team | AG20: Friday - Captain's Run | AL20: Saturday - MATCH (9/26) | AQ20: Mon | AR20: 30
A21: Position | B21: TD | C21: HMLD | D21: HSR | E21: A+D | F21: BIP m/min | H21: TD | I21: HMLD | J21: HSR | K21: A+D | M21: TD | N21: HMLD | O21: HSR | P21: A+D | R21: TD | S21: HMLD | T21: HSR | U21: A+D | W21: TD | X21: HMLD | Y21: HSR | Z21: A+D | AB21: TD | AC21: HMLD | AD21: HSR | AE21: A+D | AG21: TD | AH21: HMLD | AI21: HSR | AJ21: A+D | AL21: TD | AM21: HMLD | AN21: HSR | AO21: A+D | AQ21: Tue AM | AR21: 30
A22: Prop | B22: =H22+M22+R22+W22+AB22+AG22+AL22 -> 14908.9 | C22: =I22+N22+S22+X22+AC22+AH22+AM22 -> 1036.15 | D22: =J22+O22+T22+Y22+AD22+AI22+AN22 -> 256 | E22: =K22+P22+U22+Z22+AE22+AJ22+AO22 -> 92.69 | F22: =F3 -> 85 | H22: =B3*H$19*$K$4 -> 1237.72 | I22: =C3*I$19*$K$4 -> 70.38 | J22: =D3*J$19*$K$4 -> 15 | K22: =E3*K$19*$K$4 -> 6.2 | M22: =B3*M$19*$K$4 -> 1406.5 | N22: =C3*N$19*$K$4 -> 109.48 | O22: =D3*O$19*$K$4 -> 35 | P22: =E3*P$19*$K$4 -> 12.4 | R22: =B3*R$19*$K$4 -> 2362.92 | S22: =C3*S$19*$K$4 -> 175.95 | T22: =D3*T$19*$K$4 -> 38 | U22: =E3*U$19*$K$4 -> 15.5 | W22: =B3*W$19*$K$4 -> 1125.2 | X22: =C3*X$19*$K$4 -> 86.02 | Y22: =D3*Y$19*$K$4 -> 28 | Z22: =E3*Z$19*$K$4 -> 9.92 | AB22: =B3*AB$19*$K$4 -> 2137.88 | AC22: =C3*AC$19*$K$4 -> 156.4 | AD22: =D3*AD$19*$K$4 -> 32 | AE22: =E3*AE$19*$K$4 -> 13.95 | AG22: =B3*AG$19*$K$4 -> 1012.68 | AH22: =C3*AH$19*$K$4 -> 46.92 | AI22: =D3*AI$19*$K$4 -> 8 | AJ22: =E3*AJ$19*$K$4 -> 3.72 | AL22: =B3*AL$19 -> 5626 | AM22: =C3*AM$19 -> 391 | AN22: =D3*AN$19 -> 100 | AO22: =E3*AO$19 -> 31 | AQ22: Tue PM | AR22: 60
A23: Hooker | B23: =H23+M23+R23+W23+AB23+AG23+AL23 -> 14540.55 | C23: =I23+N23+S23+X23+AC23+AH23+AM23 -> 964.6 | D23: =J23+O23+T23+Y23+AD23+AI23+AN23 -> 358.4 | E23: =K23+P23+U23+Z23+AE23+AJ23+AO23 -> 89.7 | F23: =F4 -> 81 | H23: =B4*H$19*$K$4 -> 1207.14 | I23: =C4*I$19*$K$4 -> 65.52 | J23: =D4*J$19*$K$4 -> 21 | K23: =E4*K$19*$K$4 -> 6 | M23: =B4*M$19*$K$4 -> 1371.75 | N23: =C4*N$19*$K$4 -> 101.92 | O23: =D4*O$19*$K$4 -> 49 | P23: =E4*P$19*$K$4 -> 12 | R23: =B4*R$19*$K$4 -> 2304.54 | S23: =C4*S$19*$K$4 -> 163.8 | T23: =D4*T$19*$K$4 -> 53.2 | U23: =E4*U$19*$K$4 -> 15 | W23: =B4*W$19*$K$4 -> 1097.4 | X23: =C4*X$19*$K$4 -> 80.08 | Y23: =D4*Y$19*$K$4 -> 39.2 | Z23: =E4*Z$19*$K$4 -> 9.6 | AB23: =B4*AB$19*$K$4 -> 2085.06 | AC23: =C4*AC$19*$K$4 -> 145.6 | AD23: =D4*AD$19*$K$4 -> 44.8 | AE23: =E4*AE$19*$K$4 -> 13.5 | AG23: =B4*AG$19*$K$4 -> 987.66 | AH23: =C4*AH$19*$K$4 -> 43.68 | AI23: =D4*AI$19*$K$4 -> 11.2 | AJ23: =E4*AJ$19*$K$4 -> 3.6 | AL23: =B4*AL$19 -> 5487 | AM23: =C4*AM$19 -> 364 | AN23: =D4*AN$19 -> 140 | AO23: =E4*AO$19 -> 30 | AQ23: Thu AM | AR23: 25
A24: Lock | B24: =H24+M24+R24+W24+AB24+AG24+AL24 -> 16718.85 | C24: =I24+N24+S24+X24+AC24+AH24+AM24 -> 1491.95 | D24: =J24+O24+T24+Y24+AD24+AI24+AN24 -> 727.04 | E24: =K24+P24+U24+Z24+AE24+AJ24+AO24 -> 158.47 | F24: =F5 -> 103 | H24: =B5*H$19*$K$4 -> 1387.98 | I24: =C5*I$19*$K$4 -> 101.34 | J24: =D5*J$19*$K$4 -> 42.6 | K24: =E5*K$19*$K$4 -> 10.6 | M24: =B5*M$19*$K$4 -> 1577.25 | N24: =C5*N$19*$K$4 -> 157.64 | O24: =D5*O$19*$K$4 -> 99.4 | P24: =E5*P$19*$K$4 -> 21.2 | R24: =B5*R$19*$K$4 -> 2649.78 | S24: =C5*S$19*$K$4 -> 253.35 | T24: =D5*T$19*$K$4 -> 107.92 | U24: =E5*U$19*$K$4 -> 26.5 | W24: =B5*W$19*$K$4 -> 1261.8 | X24: =C5*X$19*$K$4 -> 123.86 | Y24: =D5*Y$19*$K$4 -> 79.52 | Z24: =E5*Z$19*$K$4 -> 16.96 | AB24: =B5*AB$19*$K$4 -> 2397.42 | AC24: =C5*AC$19*$K$4 -> 225.2 | AD24: =D5*AD$19*$K$4 -> 90.88 | AE24: =E5*AE$19*$K$4 -> 23.85 | AG24: =B5*AG$19*$K$4 -> 1135.62 | AH24: =C5*AH$19*$K$4 -> 67.56 | AI24: =D5*AI$19*$K$4 -> 22.72 | AJ24: =E5*AJ$19*$K$4 -> 6.36 | AL24: =B5*AL$19 -> 6309 | AM24: =C5*AM$19 -> 563 | AN24: =D5*AN$19 -> 284 | AO24: =E5*AO$19 -> 53 | AQ24: Thu PM | AR24: 55
A25: Back row | B25: =H25+M25+R25+W25+AB25+AG25+AL25 -> 16957.35 | C25: =I25+N25+S25+X25+AC25+AH25+AM25 -> 1849.7 | D25: =J25+O25+T25+Y25+AD25+AI25+AN25 -> 911.36 | E25: =K25+P25+U25+Z25+AE25+AJ25+AO25 -> 212.29 | F25: =F6 -> 106 | H25: =B6*H$19*$K$4 -> 1407.78 | I25: =C6*I$19*$K$4 -> 125.64 | J25: =D6*J$19*$K$4 -> 53.4 | K25: =E6*K$19*$K$4 -> 14.2 | M25: =B6*M$19*$K$4 -> 1599.75 | N25: =C6*N$19*$K$4 -> 195.44 | O25: =D6*O$19*$K$4 -> 124.6 | P25: =E6*P$19*$K$4 -> 28.4 | R25: =B6*R$19*$K$4 -> 2687.58 | S25: =C6*S$19*$K$4 -> 314.1 | T25: =D6*T$19*$K$4 -> 135.28 | U25: =E6*U$19*$K$4 -> 35.5 | W25: =B6*W$19*$K$4 -> 1279.8 | X25: =C6*X$19*$K$4 -> 153.56 | Y25: =D6*Y$19*$K$4 -> 99.68 | Z25: =E6*Z$19*$K$4 -> 22.72 | AB25: =B6*AB$19*$K$4 -> 2431.62 | AC25: =C6*AC$19*$K$4 -> 279.2 | AD25: =D6*AD$19*$K$4 -> 113.92 | AE25: =E6*AE$19*$K$4 -> 31.95 | AG25: =B6*AG$19*$K$4 -> 1151.82 | AH25: =C6*AH$19*$K$4 -> 83.76 | AI25: =D6*AI$19*$K$4 -> 28.48 | AJ25: =E6*AJ$19*$K$4 -> 8.52 | AL25: =B6*AL$19 -> 6399 | AM25: =C6*AM$19 -> 698 | AN25: =D6*AN$19 -> 356 | AO25: =E6*AO$19 -> 71 | AQ25: Fri | AR25: 20
A26: Scrum-half | B26: =H26+M26+R26+W26+AB26+AG26+AL26 -> 17182.6 | C26: =I26+N26+S26+X26+AC26+AH26+AM26 -> 3161.45 | D26: =J26+O26+T26+Y26+AD26+AI26+AN26 -> 2096.64 | E26: =K26+P26+U26+Z26+AE26+AJ26+AO26 -> 304.98 | F26: =F7 -> 106 | H26: =B7*H$19*$K$4 -> 1426.48 | I26: =C7*I$19*$K$4 -> 214.74 | J26: =D7*J$19*$K$4 -> 122.85 | K26: =E7*K$19*$K$4 -> 20.4 | M26: =B7*M$19*$K$4 -> 1621 | N26: =C7*N$19*$K$4 -> 334.04 | O26: =D7*O$19*$K$4 -> 286.65 | P26: =E7*P$19*$K$4 -> 40.8 | R26: =B7*R$19*$K$4 -> 2723.28 | S26: =C7*S$19*$K$4 -> 536.85 | T26: =D7*T$19*$K$4 -> 311.22 | U26: =E7*U$19*$K$4 -> 51 | W26: =B7*W$19*$K$4 -> 1296.8 | X26: =C7*X$19*$K$4 -> 262.46 | Y26: =D7*Y$19*$K$4 -> 229.32 | Z26: =E7*Z$19*$K$4 -> 32.64 | AB26: =B7*AB$19*$K$4 -> 2463.92 | AC26: =C7*AC$19*$K$4 -> 477.2 | AD26: =D7*AD$19*$K$4 -> 262.08 | AE26: =E7*AE$19*$K$4 -> 45.9 | AG26: =B7*AG$19*$K$4 -> 1167.12 | AH26: =C7*AH$19*$K$4 -> 143.16 | AI26: =D7*AI$19*$K$4 -> 65.52 | AJ26: =E7*AJ$19*$K$4 -> 12.24 | AL26: =B7*AL$19 -> 6484 | AM26: =C7*AM$19 -> 1193 | AN26: =D7*AN$19 -> 819 | AO26: =E7*AO$19 -> 102 | AQ26: Sat | AR26: 80
A27: Fly-half | B27: =H27+M27+R27+W27+AB27+AG27+AL27 -> 16048.4 | C27: =I27+N27+S27+X27+AC27+AH27+AM27 -> 1751.65 | D27: =J27+O27+T27+Y27+AD27+AI27+AN27 -> 688.64 | E27: =K27+P27+U27+Z27+AE27+AJ27+AO27 -> 260.13 | F27: =F8 -> 95 | H27: =B8*H$19*$K$4 -> 1332.32 | I27: =C8*I$19*$K$4 -> 118.98 | J27: =D8*J$19*$K$4 -> 40.35 | K27: =E8*K$19*$K$4 -> 17.4 | M27: =B8*M$19*$K$4 -> 1514 | N27: =C8*N$19*$K$4 -> 185.08 | O27: =D8*O$19*$K$4 -> 94.15 | P27: =E8*P$19*$K$4 -> 34.8 | R27: =B8*R$19*$K$4 -> 2543.52 | S27: =C8*S$19*$K$4 -> 297.45 | T27: =D8*T$19*$K$4 -> 102.22 | U27: =E8*U$19*$K$4 -> 43.5 | W27: =B8*W$19*$K$4 -> 1211.2 | X27: =C8*X$19*$K$4 -> 145.42 | Y27: =D8*Y$19*$K$4 -> 75.32 | Z27: =E8*Z$19*$K$4 -> 27.84 | AB27: =B8*AB$19*$K$4 -> 2301.28 | AC27: =C8*AC$19*$K$4 -> 264.4 | AD27: =D8*AD$19*$K$4 -> 86.08 | AE27: =E8*AE$19*$K$4 -> 39.15 | AG27: =B8*AG$19*$K$4 -> 1090.08 | AH27: =C8*AH$19*$K$4 -> 79.32 | AI27: =D8*AI$19*$K$4 -> 21.52 | AJ27: =E8*AJ$19*$K$4 -> 10.44 | AL27: =B8*AL$19 -> 6056 | AM27: =C8*AM$19 -> 661 | AN27: =D8*AN$19 -> 269 | AO27: =E8*AO$19 -> 87 | AQ27: Total | AR27: =SUM(AR20:AR26) -> 300
A28: Center | B28: =H28+M28+R28+W28+AB28+AG28+AL28 -> 17906.05 | C28: =I28+N28+S28+X28+AC28+AH28+AM28 -> 2848.75 | D28: =J28+O28+T28+Y28+AD28+AI28+AN28 -> 1876.48 | E28: =K28+P28+U28+Z28+AE28+AJ28+AO28 -> 337.87 | F28: =F9 -> 112 | H28: =B9*H$19*$K$4 -> 1486.54 | I28: =C9*I$19*$K$4 -> 193.5 | J28: =D9*J$19*$K$4 -> 109.95 | K28: =E9*K$19*$K$4 -> 22.6 | M28: =B9*M$19*$K$4 -> 1689.25 | N28: =C9*N$19*$K$4 -> 301 | O28: =D9*O$19*$K$4 -> 256.55 | P28: =E9*P$19*$K$4 -> 45.2 | R28: =B9*R$19*$K$4 -> 2837.94 | S28: =C9*S$19*$K$4 -> 483.75 | T28: =D9*T$19*$K$4 -> 278.54 | U28: =E9*U$19*$K$4 -> 56.5 | W28: =B9*W$19*$K$4 -> 1351.4 | X28: =C9*X$19*$K$4 -> 236.5 | Y28: =D9*Y$19*$K$4 -> 205.24 | Z28: =E9*Z$19*$K$4 -> 36.16 | AB28: =B9*AB$19*$K$4 -> 2567.66 | AC28: =C9*AC$19*$K$4 -> 430 | AD28: =D9*AD$19*$K$4 -> 234.56 | AE28: =E9*AE$19*$K$4 -> 50.85 | AG28: =B9*AG$19*$K$4 -> 1216.26 | AH28: =C9*AH$19*$K$4 -> 129 | AI28: =D9*AI$19*$K$4 -> 58.64 | AJ28: =E9*AJ$19*$K$4 -> 13.56 | AL28: =B9*AL$19 -> 6757 | AM28: =C9*AM$19 -> 1075 | AN28: =D9*AN$19 -> 733 | AO28: =E9*AO$19 -> 113
A29: Wing | B29: =H29+M29+R29+W29+AB29+AG29+AL29 -> 19570.25 | C29: =I29+N29+S29+X29+AC29+AH29+AM29 -> 3421.15 | D29: =J29+O29+T29+Y29+AD29+AI29+AN29 -> 2647.04 | E29: =K29+P29+U29+Z29+AE29+AJ29+AO29 -> 313.95 | F29: =F10 -> 130 | H29: =B10*H$19*$K$4 -> 1624.7 | I29: =C10*I$19*$K$4 -> 232.38 | J29: =D10*J$19*$K$4 -> 155.1 | K29: =E10*K$19*$K$4 -> 21 | M29: =B10*M$19*$K$4 -> 1846.25 | N29: =C10*N$19*$K$4 -> 361.48 | O29: =D10*O$19*$K$4 -> 361.9 | P29: =E10*P$19*$K$4 -> 42 | R29: =B10*R$19*$K$4 -> 3101.7 | S29: =C10*S$19*$K$4 -> 580.95 | T29: =D10*T$19*$K$4 -> 392.92 | U29: =E10*U$19*$K$4 -> 52.5 | W29: =B10*W$19*$K$4 -> 1477 | X29: =C10*X$19*$K$4 -> 284.02 | Y29: =D10*Y$19*$K$4 -> 289.52 | Z29: =E10*Z$19*$K$4 -> 33.6 | AB29: =B10*AB$19*$K$4 -> 2806.3 | AC29: =C10*AC$19*$K$4 -> 516.4 | AD29: =D10*AD$19*$K$4 -> 330.88 | AE29: =E10*AE$19*$K$4 -> 47.25 | AG29: =B10*AG$19*$K$4 -> 1329.3 | AH29: =C10*AH$19*$K$4 -> 154.92 | AI29: =D10*AI$19*$K$4 -> 82.72 | AJ29: =E10*AJ$19*$K$4 -> 12.6 | AL29: =B10*AL$19 -> 7385 | AM29: =C10*AM$19 -> 1291 | AN29: =D10*AN$19 -> 1034 | AO29: =E10*AO$19 -> 105
A30: Fullback | B30: =H30+M30+R30+W30+AB30+AG30+AL30 -> 18894.5 | C30: =I30+N30+S30+X30+AC30+AH30+AM30 -> 2901.75 | D30: =J30+O30+T30+Y30+AD30+AI30+AN30 -> 2063.36 | E30: =K30+P30+U30+Z30+AE30+AJ30+AO30 -> 278.07 | F30: =F11 -> 121 | H30: =B11*H$19*$K$4 -> 1568.6 | I30: =C11*I$19*$K$4 -> 197.1 | J30: =D11*J$19*$K$4 -> 120.9 | K30: =E11*K$19*$K$4 -> 18.6 | M30: =B11*M$19*$K$4 -> 1782.5 | N30: =C11*N$19*$K$4 -> 306.6 | O30: =D11*O$19*$K$4 -> 282.1 | P30: =E11*P$19*$K$4 -> 37.2 | R30: =B11*R$19*$K$4 -> 2994.6 | S30: =C11*S$19*$K$4 -> 492.75 | T30: =D11*T$19*$K$4 -> 306.28 | U30: =E11*U$19*$K$4 -> 46.5 | W30: =B11*W$19*$K$4 -> 1426 | X30: =C11*X$19*$K$4 -> 240.9 | Y30: =D11*Y$19*$K$4 -> 225.68 | Z30: =E11*Z$19*$K$4 -> 29.76 | AB30: =B11*AB$19*$K$4 -> 2709.4 | AC30: =C11*AC$19*$K$4 -> 438 | AD30: =D11*AD$19*$K$4 -> 257.92 | AE30: =E11*AE$19*$K$4 -> 41.85 | AG30: =B11*AG$19*$K$4 -> 1283.4 | AH30: =C11*AH$19*$K$4 -> 131.4 | AI30: =D11*AI$19*$K$4 -> 64.48 | AJ30: =E11*AJ$19*$K$4 -> 11.16 | AL30: =B11*AL$19 -> 7130 | AM30: =C11*AM$19 -> 1095 | AN30: =D11*AN$19 -> 806 | AO30: =E11*AO$19 -> 93
H31: 0.22 | I31: 0.18 | J31: 0.15 | K31: 0.2 | M31: 0.25 | N31: 0.28 | O31: 0.35 | P31: 0.4 | R31: 0.42 | S31: 0.45 | T31: 0.38 | U31: 0.5 | W31: 0.2 | X31: 0.22 | Y31: 0.28 | Z31: 0.32 | AB31: 0.38 | AC31: 0.4 | AD31: 0.32 | AE31: 0.45 | AG31: 0.18 | AH31: 0.12 | AI31: 0.08 | AJ31: 0.12 | AL31: 1 | AM31: 1 | AN31: 1 | AO31: 1 | AQ31: Week 2 TOF (min)
A32: Week 2 | 9/28 - 10/4 | Match 10/3 | H32: Monday - Light Training | M32: Tuesday AM - Units | R32: Tuesday PM - Team | W32: Thursday AM - Units | AB32: Thursday PM - Team | AG32: Friday - Captain's Run | AL32: Saturday - MATCH (10/3) | AQ32: Mon | AR32: 30
A33: Position | B33: TD | C33: HMLD | D33: HSR | E33: A+D | F33: BIP m/min | H33: TD | I33: HMLD | J33: HSR | K33: A+D | M33: TD | N33: HMLD | O33: HSR | P33: A+D | R33: TD | S33: HMLD | T33: HSR | U33: A+D | W33: TD | X33: HMLD | Y33: HSR | Z33: A+D | AB33: TD | AC33: HMLD | AD33: HSR | AE33: A+D | AG33: TD | AH33: HMLD | AI33: HSR | AJ33: A+D | AL33: TD | AM33: HMLD | AN33: HSR | AO33: A+D | AQ33: Tue AM | AR33: 30
A34: Prop | B34: =H34+M34+R34+W34+AB34+AG34+AL34 -> 14537.584 | C34: =I34+N34+S34+X34+AC34+AH34+AM34 -> 1010.344 | D34: =J34+O34+T34+Y34+AD34+AI34+AN34 -> 249.76 | E34: =K34+P34+U34+Z34+AE34+AJ34+AO34 -> 90.2224 | F34: =F3 -> 85 | H34: =B3*H$31*$K$5 -> 1188.2112 | I34: =C3*I$31*$K$5 -> 67.5648 | J34: =D3*J$31*$K$5 -> 14.4 | K34: =E3*K$31*$K$5 -> 5.952 | M34: =B3*M$31*$K$5 -> 1350.24 | N34: =C3*N$31*$K$5 -> 105.1008 | O34: =D3*O$31*$K$5 -> 33.6 | P34: =E3*P$31*$K$5 -> 11.904 | R34: =B3*R$31*$K$5 -> 2268.4032 | S34: =C3*S$31*$K$5 -> 168.912 | T34: =D3*T$31*$K$5 -> 36.48 | U34: =E3*U$31*$K$5 -> 14.88 | W34: =B3*W$31*$K$5 -> 1080.192 | X34: =C3*X$31*$K$5 -> 82.5792 | Y34: =D3*Y$31*$K$5 -> 26.88 | Z34: =E3*Z$31*$K$5 -> 9.5232 | AB34: =B3*AB$31*$K$5 -> 2052.3648 | AC34: =C3*AC$31*$K$5 -> 150.144 | AD34: =D3*AD$31*$K$5 -> 30.72 | AE34: =E3*AE$31*$K$5 -> 13.392 | AG34: =B3*AG$31*$K$5 -> 972.1728 | AH34: =C3*AH$31*$K$5 -> 45.0432 | AI34: =D3*AI$31*$K$5 -> 7.68 | AJ34: =E3*AJ$31*$K$5 -> 3.5712 | AL34: =B3*AL$31 -> 5626 | AM34: =C3*AM$31 -> 391 | AN34: =D3*AN$31 -> 100 | AO34: =E3*AO$31 -> 31 | AQ34: Tue PM | AR34: 60
A35: Hooker | B35: =H35+M35+R35+W35+AB35+AG35+AL35 -> 14178.408 | C35: =I35+N35+S35+X35+AC35+AH35+AM35 -> 940.576 | D35: =J35+O35+T35+Y35+AD35+AI35+AN35 -> 349.664 | E35: =K35+P35+U35+Z35+AE35+AJ35+AO35 -> 87.312 | F35: =F4 -> 81 | H35: =B4*H$31*$K$5 -> 1158.8544 | I35: =C4*I$31*$K$5 -> 62.8992 | J35: =D4*J$31*$K$5 -> 20.16 | K35: =E4*K$31*$K$5 -> 5.76 | M35: =B4*M$31*$K$5 -> 1316.88 | N35: =C4*N$31*$K$5 -> 97.8432 | O35: =D4*O$31*$K$5 -> 47.04 | P35: =E4*P$31*$K$5 -> 11.52 | R35: =B4*R$31*$K$5 -> 2212.3584 | S35: =C4*S$31*$K$5 -> 157.248 | T35: =D4*T$31*$K$5 -> 51.072 | U35: =E4*U$31*$K$5 -> 14.4 | W35: =B4*W$31*$K$5 -> 1053.504 | X35: =C4*X$31*$K$5 -> 76.8768 | Y35: =D4*Y$31*$K$5 -> 37.632 | Z35: =E4*Z$31*$K$5 -> 9.216 | AB35: =B4*AB$31*$K$5 -> 2001.6576 | AC35: =C4*AC$31*$K$5 -> 139.776 | AD35: =D4*AD$31*$K$5 -> 43.008 | AE35: =E4*AE$31*$K$5 -> 12.96 | AG35: =B4*AG$31*$K$5 -> 948.1536 | AH35: =C4*AH$31*$K$5 -> 41.9328 | AI35: =D4*AI$31*$K$5 -> 10.752 | AJ35: =E4*AJ$31*$K$5 -> 3.456 | AL35: =B4*AL$31 -> 5487 | AM35: =C4*AM$31 -> 364 | AN35: =D4*AN$31 -> 140 | AO35: =E4*AO$31 -> 30 | AQ35: Thu AM | AR35: 25
A36: Lock | B36: =H36+M36+R36+W36+AB36+AG36+AL36 -> 16302.456 | C36: =I36+N36+S36+X36+AC36+AH36+AM36 -> 1454.792 | D36: =J36+O36+T36+Y36+AD36+AI36+AN36 -> 709.3184 | E36: =K36+P36+U36+Z36+AE36+AJ36+AO36 -> 154.2512 | F36: =F5 -> 103 | H36: =B5*H$31*$K$5 -> 1332.4608 | I36: =C5*I$31*$K$5 -> 97.2864 | J36: =D5*J$31*$K$5 -> 40.896 | K36: =E5*K$31*$K$5 -> 10.176 | M36: =B5*M$31*$K$5 -> 1514.16 | N36: =C5*N$31*$K$5 -> 151.3344 | O36: =D5*O$31*$K$5 -> 95.424 | P36: =E5*P$31*$K$5 -> 20.352 | R36: =B5*R$31*$K$5 -> 2543.7888 | S36: =C5*S$31*$K$5 -> 243.216 | T36: =D5*T$31*$K$5 -> 103.6032 | U36: =E5*U$31*$K$5 -> 25.44 | W36: =B5*W$31*$K$5 -> 1211.328 | X36: =C5*X$31*$K$5 -> 118.9056 | Y36: =D5*Y$31*$K$5 -> 76.3392 | Z36: =E5*Z$31*$K$5 -> 16.2816 | AB36: =B5*AB$31*$K$5 -> 2301.5232 | AC36: =C5*AC$31*$K$5 -> 216.192 | AD36: =D5*AD$31*$K$5 -> 87.2448 | AE36: =E5*AE$31*$K$5 -> 22.896 | AG36: =B5*AG$31*$K$5 -> 1090.1952 | AH36: =C5*AH$31*$K$5 -> 64.8576 | AI36: =D5*AI$31*$K$5 -> 21.8112 | AJ36: =E5*AJ$31*$K$5 -> 6.1056 | AL36: =B5*AL$31 -> 6309 | AM36: =C5*AM$31 -> 563 | AN36: =D5*AN$31 -> 284 | AO36: =E5*AO$31 -> 53 | AQ36: Thu PM | AR36: 55
A37: Back row | B37: =H37+M37+R37+W37+AB37+AG37+AL37 -> 16535.016 | C37: =I37+N37+S37+X37+AC37+AH37+AM37 -> 1803.632 | D37: =J37+O37+T37+Y37+AD37+AI37+AN37 -> 889.1456 | E37: =K37+P37+U37+Z37+AE37+AJ37+AO37 -> 206.6384 | F37: =F6 -> 106 | H37: =B6*H$31*$K$5 -> 1351.4688 | I37: =C6*I$31*$K$5 -> 120.6144 | J37: =D6*J$31*$K$5 -> 51.264 | K37: =E6*K$31*$K$5 -> 13.632 | M37: =B6*M$31*$K$5 -> 1535.76 | N37: =C6*N$31*$K$5 -> 187.6224 | O37: =D6*O$31*$K$5 -> 119.616 | P37: =E6*P$31*$K$5 -> 27.264 | R37: =B6*R$31*$K$5 -> 2580.0768 | S37: =C6*S$31*$K$5 -> 301.536 | T37: =D6*T$31*$K$5 -> 129.8688 | U37: =E6*U$31*$K$5 -> 34.08 | W37: =B6*W$31*$K$5 -> 1228.608 | X37: =C6*X$31*$K$5 -> 147.4176 | Y37: =D6*Y$31*$K$5 -> 95.6928 | Z37: =E6*Z$31*$K$5 -> 21.8112 | AB37: =B6*AB$31*$K$5 -> 2334.3552 | AC37: =C6*AC$31*$K$5 -> 268.032 | AD37: =D6*AD$31*$K$5 -> 109.3632 | AE37: =E6*AE$31*$K$5 -> 30.672 | AG37: =B6*AG$31*$K$5 -> 1105.7472 | AH37: =C6*AH$31*$K$5 -> 80.4096 | AI37: =D6*AI$31*$K$5 -> 27.3408 | AJ37: =E6*AJ$31*$K$5 -> 8.1792 | AL37: =B6*AL$31 -> 6399 | AM37: =C6*AM$31 -> 698 | AN37: =D6*AN$31 -> 356 | AO37: =E6*AO$31 -> 71 | AQ37: Fri | AR37: 20
A38: Scrum-half | B38: =H38+M38+R38+W38+AB38+AG38+AL38 -> 16754.656 | C38: =I38+N38+S38+X38+AC38+AH38+AM38 -> 3082.712 | D38: =J38+O38+T38+Y38+AD38+AI38+AN38 -> 2045.5344 | E38: =K38+P38+U38+Z38+AE38+AJ38+AO38 -> 296.8608 | F38: =F7 -> 106 | H38: =B7*H$31*$K$5 -> 1369.4208 | I38: =C7*I$31*$K$5 -> 206.1504 | J38: =D7*J$31*$K$5 -> 117.936 | K38: =E7*K$31*$K$5 -> 19.584 | M38: =B7*M$31*$K$5 -> 1556.16 | N38: =C7*N$31*$K$5 -> 320.6784 | O38: =D7*O$31*$K$5 -> 275.184 | P38: =E7*P$31*$K$5 -> 39.168 | R38: =B7*R$31*$K$5 -> 2614.3488 | S38: =C7*S$31*$K$5 -> 515.376 | T38: =D7*T$31*$K$5 -> 298.7712 | U38: =E7*U$31*$K$5 -> 48.96 | W38: =B7*W$31*$K$5 -> 1244.928 | X38: =C7*X$31*$K$5 -> 251.9616 | Y38: =D7*Y$31*$K$5 -> 220.1472 | Z38: =E7*Z$31*$K$5 -> 31.3344 | AB38: =B7*AB$31*$K$5 -> 2365.3632 | AC38: =C7*AC$31*$K$5 -> 458.112 | AD38: =D7*AD$31*$K$5 -> 251.5968 | AE38: =E7*AE$31*$K$5 -> 44.064 | AG38: =B7*AG$31*$K$5 -> 1120.4352 | AH38: =C7*AH$31*$K$5 -> 137.4336 | AI38: =D7*AI$31*$K$5 -> 62.8992 | AJ38: =E7*AJ$31*$K$5 -> 11.7504 | AL38: =B7*AL$31 -> 6484 | AM38: =C7*AM$31 -> 1193 | AN38: =D7*AN$31 -> 819 | AO38: =E7*AO$31 -> 102 | AQ38: Sat | AR38: 80
A39: Fly-half | B39: =H39+M39+R39+W39+AB39+AG39+AL39 -> 15648.704 | C39: =I39+N39+S39+X39+AC39+AH39+AM39 -> 1708.024 | D39: =J39+O39+T39+Y39+AD39+AI39+AN39 -> 671.8544 | E39: =K39+P39+U39+Z39+AE39+AJ39+AO39 -> 253.2048 | F39: =F8 -> 95 | H39: =B8*H$31*$K$5 -> 1279.0272 | I39: =C8*I$31*$K$5 -> 114.2208 | J39: =D8*J$31*$K$5 -> 38.736 | K39: =E8*K$31*$K$5 -> 16.704 | M39: =B8*M$31*$K$5 -> 1453.44 | N39: =C8*N$31*$K$5 -> 177.6768 | O39: =D8*O$31*$K$5 -> 90.384 | P39: =E8*P$31*$K$5 -> 33.408 | R39: =B8*R$31*$K$5 -> 2441.7792 | S39: =C8*S$31*$K$5 -> 285.552 | T39: =D8*T$31*$K$5 -> 98.1312 | U39: =E8*U$31*$K$5 -> 41.76 | W39: =B8*W$31*$K$5 -> 1162.752 | X39: =C8*X$31*$K$5 -> 139.6032 | Y39: =D8*Y$31*$K$5 -> 72.3072 | Z39: =E8*Z$31*$K$5 -> 26.7264 | AB39: =B8*AB$31*$K$5 -> 2209.2288 | AC39: =C8*AC$31*$K$5 -> 253.824 | AD39: =D8*AD$31*$K$5 -> 82.6368 | AE39: =E8*AE$31*$K$5 -> 37.584 | AG39: =B8*AG$31*$K$5 -> 1046.4768 | AH39: =C8*AH$31*$K$5 -> 76.1472 | AI39: =D8*AI$31*$K$5 -> 20.6592 | AJ39: =E8*AJ$31*$K$5 -> 10.0224 | AL39: =B8*AL$31 -> 6056 | AM39: =C8*AM$31 -> 661 | AN39: =D8*AN$31 -> 269 | AO39: =E8*AO$31 -> 87 | AQ39: Total | AR39: =SUM(AR32:AR38) -> 300
A40: Center | B40: =H40+M40+R40+W40+AB40+AG40+AL40 -> 17460.088 | C40: =I40+N40+S40+X40+AC40+AH40+AM40 -> 2777.8 | D40: =J40+O40+T40+Y40+AD40+AI40+AN40 -> 1830.7408 | E40: =K40+P40+U40+Z40+AE40+AJ40+AO40 -> 328.8752 | F40: =F9 -> 112 | H40: =B9*H$31*$K$5 -> 1427.0784 | I40: =C9*I$31*$K$5 -> 185.76 | J40: =D9*J$31*$K$5 -> 105.552 | K40: =E9*K$31*$K$5 -> 21.696 | M40: =B9*M$31*$K$5 -> 1621.68 | N40: =C9*N$31*$K$5 -> 288.96 | O40: =D9*O$31*$K$5 -> 246.288 | P40: =E9*P$31*$K$5 -> 43.392 | R40: =B9*R$31*$K$5 -> 2724.4224 | S40: =C9*S$31*$K$5 -> 464.4 | T40: =D9*T$31*$K$5 -> 267.3984 | U40: =E9*U$31*$K$5 -> 54.24 | W40: =B9*W$31*$K$5 -> 1297.344 | X40: =C9*X$31*$K$5 -> 227.04 | Y40: =D9*Y$31*$K$5 -> 197.0304 | Z40: =E9*Z$31*$K$5 -> 34.7136 | AB40: =B9*AB$31*$K$5 -> 2464.9536 | AC40: =C9*AC$31*$K$5 -> 412.8 | AD40: =D9*AD$31*$K$5 -> 225.1776 | AE40: =E9*AE$31*$K$5 -> 48.816 | AG40: =B9*AG$31*$K$5 -> 1167.6096 | AH40: =C9*AH$31*$K$5 -> 123.84 | AI40: =D9*AI$31*$K$5 -> 56.2944 | AJ40: =E9*AJ$31*$K$5 -> 13.0176 | AL40: =B9*AL$31 -> 6757 | AM40: =C9*AM$31 -> 1075 | AN40: =D9*AN$31 -> 733 | AO40: =E9*AO$31 -> 113
A41: Wing | B41: =H41+M41+R41+W41+AB41+AG41+AL41 -> 19082.84 | C41: =I41+N41+S41+X41+AC41+AH41+AM41 -> 3335.944 | D41: =J41+O41+T41+Y41+AD41+AI41+AN41 -> 2582.5184 | E41: =K41+P41+U41+Z41+AE41+AJ41+AO41 -> 305.592 | F41: =F10 -> 130 | H41: =B10*H$31*$K$5 -> 1559.712 | I41: =C10*I$31*$K$5 -> 223.0848 | J41: =D10*J$31*$K$5 -> 148.896 | K41: =E10*K$31*$K$5 -> 20.16 | M41: =B10*M$31*$K$5 -> 1772.4 | N41: =C10*N$31*$K$5 -> 347.0208 | O41: =D10*O$31*$K$5 -> 347.424 | P41: =E10*P$31*$K$5 -> 40.32 | R41: =B10*R$31*$K$5 -> 2977.632 | S41: =C10*S$31*$K$5 -> 557.712 | T41: =D10*T$31*$K$5 -> 377.2032 | U41: =E10*U$31*$K$5 -> 50.4 | W41: =B10*W$31*$K$5 -> 1417.92 | X41: =C10*X$31*$K$5 -> 272.6592 | Y41: =D10*Y$31*$K$5 -> 277.9392 | Z41: =E10*Z$31*$K$5 -> 32.256 | AB41: =B10*AB$31*$K$5 -> 2694.048 | AC41: =C10*AC$31*$K$5 -> 495.744 | AD41: =D10*AD$31*$K$5 -> 317.6448 | AE41: =E10*AE$31*$K$5 -> 45.36 | AG41: =B10*AG$31*$K$5 -> 1276.128 | AH41: =C10*AH$31*$K$5 -> 148.7232 | AI41: =D10*AI$31*$K$5 -> 79.4112 | AJ41: =E10*AJ$31*$K$5 -> 12.096 | AL41: =B10*AL$31 -> 7385 | AM41: =C10*AM$31 -> 1291 | AN41: =D10*AN$31 -> 1034 | AO41: =E10*AO$31 -> 105
A42: Fullback | B42: =H42+M42+R42+W42+AB42+AG42+AL42 -> 18423.92 | C42: =I42+N42+S42+X42+AC42+AH42+AM42 -> 2829.48 | D42: =J42+O42+T42+Y42+AD42+AI42+AN42 -> 2013.0656 | E42: =K42+P42+U42+Z42+AE42+AJ42+AO42 -> 270.6672 | F42: =F11 -> 121 | H42: =B11*H$31*$K$5 -> 1505.856 | I42: =C11*I$31*$K$5 -> 189.216 | J42: =D11*J$31*$K$5 -> 116.064 | K42: =E11*K$31*$K$5 -> 17.856 | M42: =B11*M$31*$K$5 -> 1711.2 | N42: =C11*N$31*$K$5 -> 294.336 | O42: =D11*O$31*$K$5 -> 270.816 | P42: =E11*P$31*$K$5 -> 35.712 | R42: =B11*R$31*$K$5 -> 2874.816 | S42: =C11*S$31*$K$5 -> 473.04 | T42: =D11*T$31*$K$5 -> 294.0288 | U42: =E11*U$31*$K$5 -> 44.64 | W42: =B11*W$31*$K$5 -> 1368.96 | X42: =C11*X$31*$K$5 -> 231.264 | Y42: =D11*Y$31*$K$5 -> 216.6528 | Z42: =E11*Z$31*$K$5 -> 28.5696 | AB42: =B11*AB$31*$K$5 -> 2601.024 | AC42: =C11*AC$31*$K$5 -> 420.48 | AD42: =D11*AD$31*$K$5 -> 247.6032 | AE42: =E11*AE$31*$K$5 -> 40.176 | AG42: =B11*AG$31*$K$5 -> 1232.064 | AH42: =C11*AH$31*$K$5 -> 126.144 | AI42: =D11*AI$31*$K$5 -> 61.9008 | AJ42: =E11*AJ$31*$K$5 -> 10.7136 | AL42: =B11*AL$31 -> 7130 | AM42: =C11*AM$31 -> 1095 | AN42: =D11*AN$31 -> 806 | AO42: =E11*AO$31 -> 93
H43: 0.18 | I43: 0.15 | J43: 0.12 | K43: 0.16 | M43: 0.22 | N43: 0.24 | O43: 0.32 | P43: 0.35 | R43: 0.38 | S43: 0.4 | T43: 0.34 | U43: 0.44 | W43: 0.14 | X43: 0.15 | Y43: 0.18 | Z43: 0.2 | AB43: 0.24 | AC43: 0.26 | AD43: 0.2 | AE43: 0.28 | AG43: 0.14 | AH43: 0.1 | AI43: 0.08 | AJ43: 0.1 | AL43: 1 | AM43: 1 | AN43: 1 | AO43: 1 | AQ43: Week 3 TOF (min)
A44: Week 3 | 10/5 - 10/11 | Match 10/10 | H44: Monday - Light Training | M44: Tuesday AM - Units | R44: Tuesday PM - Team | W44: Thursday AM - Units | AB44: Thursday PM - Team | AG44: Friday - Captain's Run | AL44: Saturday - MATCH (10/10) | AQ44: Mon | AR44: 25
A45: Position | B45: TD | C45: HMLD | D45: HSR | E45: A+D | F45: BIP m/min | H45: TD | I45: HMLD | J45: HSR | K45: A+D | M45: TD | N45: HMLD | O45: HSR | P45: A+D | R45: TD | S45: HMLD | T45: HSR | U45: A+D | W45: TD | X45: HMLD | Y45: HSR | Z45: A+D | AB45: TD | AC45: HMLD | AD45: HSR | AE45: A+D | AG45: TD | AH45: HMLD | AI45: HSR | AJ45: A+D | AL45: TD | AM45: HMLD | AN45: HSR | AO45: A+D | AQ45: Tue AM | AR45: 25
A46: Prop | B46: =H46+M46+R46+W46+AB46+AG46+AL46 -> 12939.8 | C46: =I46+N46+S46+X46+AC46+AH46+AM46 -> 899.3 | D46: =J46+O46+T46+Y46+AD46+AI46+AN46 -> 224 | E46: =K46+P46+U46+Z46+AE46+AJ46+AO46 -> 78.43 | F46: =F3 -> 85 | H46: =B3*H$43*$K$6 -> 1012.68 | I46: =C3*I$43*$K$6 -> 58.65 | J46: =D3*J$43*$K$6 -> 12 | K46: =E3*K$43*$K$6 -> 4.96 | M46: =B3*M$43*$K$6 -> 1237.72 | N46: =C3*N$43*$K$6 -> 93.84 | O46: =D3*O$43*$K$6 -> 32 | P46: =E3*P$43*$K$6 -> 10.85 | R46: =B3*R$43*$K$6 -> 2137.88 | S46: =C3*S$43*$K$6 -> 156.4 | T46: =D3*T$43*$K$6 -> 34 | U46: =E3*U$43*$K$6 -> 13.64 | W46: =B3*W$43*$K$6 -> 787.64 | X46: =C3*X$43*$K$6 -> 58.65 | Y46: =D3*Y$43*$K$6 -> 18 | Z46: =E3*Z$43*$K$6 -> 6.2 | AB46: =B3*AB$43*$K$6 -> 1350.24 | AC46: =C3*AC$43*$K$6 -> 101.66 | AD46: =D3*AD$43*$K$6 -> 20 | AE46: =E3*AE$43*$K$6 -> 8.68 | AG46: =B3*AG$43*$K$6 -> 787.64 | AH46: =C3*AH$43*$K$6 -> 39.1 | AI46: =D3*AI$43*$K$6 -> 8 | AJ46: =E3*AJ$43*$K$6 -> 3.1 | AL46: =B3*AL$43 -> 5626 | AM46: =C3*AM$43 -> 391 | AN46: =D3*AN$43 -> 100 | AO46: =E3*AO$43 -> 31 | AQ46: Tue PM | AR46: 55
A47: Hooker | B47: =H47+M47+R47+W47+AB47+AG47+AL47 -> 12620.1 | C47: =I47+N47+S47+X47+AC47+AH47+AM47 -> 837.2 | D47: =J47+O47+T47+Y47+AD47+AI47+AN47 -> 313.6 | E47: =K47+P47+U47+Z47+AE47+AJ47+AO47 -> 75.9 | F47: =F4 -> 81 | H47: =B4*H$43*$K$6 -> 987.66 | I47: =C4*I$43*$K$6 -> 54.6 | J47: =D4*J$43*$K$6 -> 16.8 | K47: =E4*K$43*$K$6 -> 4.8 | M47: =B4*M$43*$K$6 -> 1207.14 | N47: =C4*N$43*$K$6 -> 87.36 | O47: =D4*O$43*$K$6 -> 44.8 | P47: =E4*P$43*$K$6 -> 10.5 | R47: =B4*R$43*$K$6 -> 2085.06 | S47: =C4*S$43*$K$6 -> 145.6 | T47: =D4*T$43*$K$6 -> 47.6 | U47: =E4*U$43*$K$6 -> 13.2 | W47: =B4*W$43*$K$6 -> 768.18 | X47: =C4*X$43*$K$6 -> 54.6 | Y47: =D4*Y$43*$K$6 -> 25.2 | Z47: =E4*Z$43*$K$6 -> 6 | AB47: =B4*AB$43*$K$6 -> 1316.88 | AC47: =C4*AC$43*$K$6 -> 94.64 | AD47: =D4*AD$43*$K$6 -> 28 | AE47: =E4*AE$43*$K$6 -> 8.4 | AG47: =B4*AG$43*$K$6 -> 768.18 | AH47: =C4*AH$43*$K$6 -> 36.4 | AI47: =D4*AI$43*$K$6 -> 11.2 | AJ47: =E4*AJ$43*$K$6 -> 3 | AL47: =B4*AL$43 -> 5487 | AM47: =C4*AM$43 -> 364 | AN47: =D4*AN$43 -> 140 | AO47: =E4*AO$43 -> 30 | AQ47: Thu AM | AR47: 20
A48: Lock | B48: =H48+M48+R48+W48+AB48+AG48+AL48 -> 14510.7 | C48: =I48+N48+S48+X48+AC48+AH48+AM48 -> 1294.9 | D48: =J48+O48+T48+Y48+AD48+AI48+AN48 -> 636.16 | E48: =K48+P48+U48+Z48+AE48+AJ48+AO48 -> 134.09 | F48: =F5 -> 103 | H48: =B5*H$43*$K$6 -> 1135.62 | I48: =C5*I$43*$K$6 -> 84.45 | J48: =D5*J$43*$K$6 -> 34.08 | K48: =E5*K$43*$K$6 -> 8.48 | M48: =B5*M$43*$K$6 -> 1387.98 | N48: =C5*N$43*$K$6 -> 135.12 | O48: =D5*O$43*$K$6 -> 90.88 | P48: =E5*P$43*$K$6 -> 18.55 | R48: =B5*R$43*$K$6 -> 2397.42 | S48: =C5*S$43*$K$6 -> 225.2 | T48: =D5*T$43*$K$6 -> 96.56 | U48: =E5*U$43*$K$6 -> 23.32 | W48: =B5*W$43*$K$6 -> 883.26 | X48: =C5*X$43*$K$6 -> 84.45 | Y48: =D5*Y$43*$K$6 -> 51.12 | Z48: =E5*Z$43*$K$6 -> 10.6 | AB48: =B5*AB$43*$K$6 -> 1514.16 | AC48: =C5*AC$43*$K$6 -> 146.38 | AD48: =D5*AD$43*$K$6 -> 56.8 | AE48: =E5*AE$43*$K$6 -> 14.84 | AG48: =B5*AG$43*$K$6 -> 883.26 | AH48: =C5*AH$43*$K$6 -> 56.3 | AI48: =D5*AI$43*$K$6 -> 22.72 | AJ48: =E5*AJ$43*$K$6 -> 5.3 | AL48: =B5*AL$43 -> 6309 | AM48: =C5*AM$43 -> 563 | AN48: =D5*AN$43 -> 284 | AO48: =E5*AO$43 -> 53 | AQ48: Thu PM | AR48: 40
A49: Back row | B49: =H49+M49+R49+W49+AB49+AG49+AL49 -> 14717.7 | C49: =I49+N49+S49+X49+AC49+AH49+AM49 -> 1605.4 | D49: =J49+O49+T49+Y49+AD49+AI49+AN49 -> 797.44 | E49: =K49+P49+U49+Z49+AE49+AJ49+AO49 -> 179.63 | F49: =F6 -> 106 | H49: =B6*H$43*$K$6 -> 1151.82 | I49: =C6*I$43*$K$6 -> 104.7 | J49: =D6*J$43*$K$6 -> 42.72 | K49: =E6*K$43*$K$6 -> 11.36 | M49: =B6*M$43*$K$6 -> 1407.78 | N49: =C6*N$43*$K$6 -> 167.52 | O49: =D6*O$43*$K$6 -> 113.92 | P49: =E6*P$43*$K$6 -> 24.85 | R49: =B6*R$43*$K$6 -> 2431.62 | S49: =C6*S$43*$K$6 -> 279.2 | T49: =D6*T$43*$K$6 -> 121.04 | U49: =E6*U$43*$K$6 -> 31.24 | W49: =B6*W$43*$K$6 -> 895.86 | X49: =C6*X$43*$K$6 -> 104.7 | Y49: =D6*Y$43*$K$6 -> 64.08 | Z49: =E6*Z$43*$K$6 -> 14.2 | AB49: =B6*AB$43*$K$6 -> 1535.76 | AC49: =C6*AC$43*$K$6 -> 181.48 | AD49: =D6*AD$43*$K$6 -> 71.2 | AE49: =E6*AE$43*$K$6 -> 19.88 | AG49: =B6*AG$43*$K$6 -> 895.86 | AH49: =C6*AH$43*$K$6 -> 69.8 | AI49: =D6*AI$43*$K$6 -> 28.48 | AJ49: =E6*AJ$43*$K$6 -> 7.1 | AL49: =B6*AL$43 -> 6399 | AM49: =C6*AM$43 -> 698 | AN49: =D6*AN$43 -> 356 | AO49: =E6*AO$43 -> 71 | AQ49: Fri | AR49: 20
A50: Scrum-half | B50: =H50+M50+R50+W50+AB50+AG50+AL50 -> 14913.2 | C50: =I50+N50+S50+X50+AC50+AH50+AM50 -> 2743.9 | D50: =J50+O50+T50+Y50+AD50+AI50+AN50 -> 1834.56 | E50: =K50+P50+U50+Z50+AE50+AJ50+AO50 -> 258.06 | F50: =F7 -> 106 | H50: =B7*H$43*$K$6 -> 1167.12 | I50: =C7*I$43*$K$6 -> 178.95 | J50: =D7*J$43*$K$6 -> 98.28 | K50: =E7*K$43*$K$6 -> 16.32 | M50: =B7*M$43*$K$6 -> 1426.48 | N50: =C7*N$43*$K$6 -> 286.32 | O50: =D7*O$43*$K$6 -> 262.08 | P50: =E7*P$43*$K$6 -> 35.7 | R50: =B7*R$43*$K$6 -> 2463.92 | S50: =C7*S$43*$K$6 -> 477.2 | T50: =D7*T$43*$K$6 -> 278.46 | U50: =E7*U$43*$K$6 -> 44.88 | W50: =B7*W$43*$K$6 -> 907.76 | X50: =C7*X$43*$K$6 -> 178.95 | Y50: =D7*Y$43*$K$6 -> 147.42 | Z50: =E7*Z$43*$K$6 -> 20.4 | AB50: =B7*AB$43*$K$6 -> 1556.16 | AC50: =C7*AC$43*$K$6 -> 310.18 | AD50: =D7*AD$43*$K$6 -> 163.8 | AE50: =E7*AE$43*$K$6 -> 28.56 | AG50: =B7*AG$43*$K$6 -> 907.76 | AH50: =C7*AH$43*$K$6 -> 119.3 | AI50: =D7*AI$43*$K$6 -> 65.52 | AJ50: =E7*AJ$43*$K$6 -> 10.2 | AL50: =B7*AL$43 -> 6484 | AM50: =C7*AM$43 -> 1193 | AN50: =D7*AN$43 -> 819 | AO50: =E7*AO$43 -> 102 | AQ50: Sat | AR50: 80
A51: Fly-half | B51: =H51+M51+R51+W51+AB51+AG51+AL51 -> 13928.8 | C51: =I51+N51+S51+X51+AC51+AH51+AM51 -> 1520.3 | D51: =J51+O51+T51+Y51+AD51+AI51+AN51 -> 602.56 | E51: =K51+P51+U51+Z51+AE51+AJ51+AO51 -> 220.11 | F51: =F8 -> 95 | H51: =B8*H$43*$K$6 -> 1090.08 | I51: =C8*I$43*$K$6 -> 99.15 | J51: =D8*J$43*$K$6 -> 32.28 | K51: =E8*K$43*$K$6 -> 13.92 | M51: =B8*M$43*$K$6 -> 1332.32 | N51: =C8*N$43*$K$6 -> 158.64 | O51: =D8*O$43*$K$6 -> 86.08 | P51: =E8*P$43*$K$6 -> 30.45 | R51: =B8*R$43*$K$6 -> 2301.28 | S51: =C8*S$43*$K$6 -> 264.4 | T51: =D8*T$43*$K$6 -> 91.46 | U51: =E8*U$43*$K$6 -> 38.28 | W51: =B8*W$43*$K$6 -> 847.84 | X51: =C8*X$43*$K$6 -> 99.15 | Y51: =D8*Y$43*$K$6 -> 48.42 | Z51: =E8*Z$43*$K$6 -> 17.4 | AB51: =B8*AB$43*$K$6 -> 1453.44 | AC51: =C8*AC$43*$K$6 -> 171.86 | AD51: =D8*AD$43*$K$6 -> 53.8 | AE51: =E8*AE$43*$K$6 -> 24.36 | AG51: =B8*AG$43*$K$6 -> 847.84 | AH51: =C8*AH$43*$K$6 -> 66.1 | AI51: =D8*AI$43*$K$6 -> 21.52 | AJ51: =E8*AJ$43*$K$6 -> 8.7 | AL51: =B8*AL$43 -> 6056 | AM51: =C8*AM$43 -> 661 | AN51: =D8*AN$43 -> 269 | AO51: =E8*AO$43 -> 87 | AQ51: Total | AR51: =SUM(AR44:AR50) -> 265
A52: Center | B52: =H52+M52+R52+W52+AB52+AG52+AL52 -> 15541.1 | C52: =I52+N52+S52+X52+AC52+AH52+AM52 -> 2472.5 | D52: =J52+O52+T52+Y52+AD52+AI52+AN52 -> 1641.92 | E52: =K52+P52+U52+Z52+AE52+AJ52+AO52 -> 285.89 | F52: =F9 -> 112 | H52: =B9*H$43*$K$6 -> 1216.26 | I52: =C9*I$43*$K$6 -> 161.25 | J52: =D9*J$43*$K$6 -> 87.96 | K52: =E9*K$43*$K$6 -> 18.08 | M52: =B9*M$43*$K$6 -> 1486.54 | N52: =C9*N$43*$K$6 -> 258 | O52: =D9*O$43*$K$6 -> 234.56 | P52: =E9*P$43*$K$6 -> 39.55 | R52: =B9*R$43*$K$6 -> 2567.66 | S52: =C9*S$43*$K$6 -> 430 | T52: =D9*T$43*$K$6 -> 249.22 | U52: =E9*U$43*$K$6 -> 49.72 | W52: =B9*W$43*$K$6 -> 945.98 | X52: =C9*X$43*$K$6 -> 161.25 | Y52: =D9*Y$43*$K$6 -> 131.94 | Z52: =E9*Z$43*$K$6 -> 22.6 | AB52: =B9*AB$43*$K$6 -> 1621.68 | AC52: =C9*AC$43*$K$6 -> 279.5 | AD52: =D9*AD$43*$K$6 -> 146.6 | AE52: =E9*AE$43*$K$6 -> 31.64 | AG52: =B9*AG$43*$K$6 -> 945.98 | AH52: =C9*AH$43*$K$6 -> 107.5 | AI52: =D9*AI$43*$K$6 -> 58.64 | AJ52: =E9*AJ$43*$K$6 -> 11.3 | AL52: =B9*AL$43 -> 6757 | AM52: =C9*AM$43 -> 1075 | AN52: =D9*AN$43 -> 733 | AO52: =E9*AO$43 -> 113
A53: Wing | B53: =H53+M53+R53+W53+AB53+AG53+AL53 -> 16985.5 | C53: =I53+N53+S53+X53+AC53+AH53+AM53 -> 2969.3 | D53: =J53+O53+T53+Y53+AD53+AI53+AN53 -> 2316.16 | E53: =K53+P53+U53+Z53+AE53+AJ53+AO53 -> 265.65 | F53: =F10 -> 130 | H53: =B10*H$43*$K$6 -> 1329.3 | I53: =C10*I$43*$K$6 -> 193.65 | J53: =D10*J$43*$K$6 -> 124.08 | K53: =E10*K$43*$K$6 -> 16.8 | M53: =B10*M$43*$K$6 -> 1624.7 | N53: =C10*N$43*$K$6 -> 309.84 | O53: =D10*O$43*$K$6 -> 330.88 | P53: =E10*P$43*$K$6 -> 36.75 | R53: =B10*R$43*$K$6 -> 2806.3 | S53: =C10*S$43*$K$6 -> 516.4 | T53: =D10*T$43*$K$6 -> 351.56 | U53: =E10*U$43*$K$6 -> 46.2 | W53: =B10*W$43*$K$6 -> 1033.9 | X53: =C10*X$43*$K$6 -> 193.65 | Y53: =D10*Y$43*$K$6 -> 186.12 | Z53: =E10*Z$43*$K$6 -> 21 | AB53: =B10*AB$43*$K$6 -> 1772.4 | AC53: =C10*AC$43*$K$6 -> 335.66 | AD53: =D10*AD$43*$K$6 -> 206.8 | AE53: =E10*AE$43*$K$6 -> 29.4 | AG53: =B10*AG$43*$K$6 -> 1033.9 | AH53: =C10*AH$43*$K$6 -> 129.1 | AI53: =D10*AI$43*$K$6 -> 82.72 | AJ53: =E10*AJ$43*$K$6 -> 10.5 | AL53: =B10*AL$43 -> 7385 | AM53: =C10*AM$43 -> 1291 | AN53: =D10*AN$43 -> 1034 | AO53: =E10*AO$43 -> 105
A54: Fullback | B54: =H54+M54+R54+W54+AB54+AG54+AL54 -> 16399 | C54: =I54+N54+S54+X54+AC54+AH54+AM54 -> 2518.5 | D54: =J54+O54+T54+Y54+AD54+AI54+AN54 -> 1805.44 | E54: =K54+P54+U54+Z54+AE54+AJ54+AO54 -> 235.29 | F54: =F11 -> 121 | H54: =B11*H$43*$K$6 -> 1283.4 | I54: =C11*I$43*$K$6 -> 164.25 | J54: =D11*J$43*$K$6 -> 96.72 | K54: =E11*K$43*$K$6 -> 14.88 | M54: =B11*M$43*$K$6 -> 1568.6 | N54: =C11*N$43*$K$6 -> 262.8 | O54: =D11*O$43*$K$6 -> 257.92 | P54: =E11*P$43*$K$6 -> 32.55 | R54: =B11*R$43*$K$6 -> 2709.4 | S54: =C11*S$43*$K$6 -> 438 | T54: =D11*T$43*$K$6 -> 274.04 | U54: =E11*U$43*$K$6 -> 40.92 | W54: =B11*W$43*$K$6 -> 998.2 | X54: =C11*X$43*$K$6 -> 164.25 | Y54: =D11*Y$43*$K$6 -> 145.08 | Z54: =E11*Z$43*$K$6 -> 18.6 | AB54: =B11*AB$43*$K$6 -> 1711.2 | AC54: =C11*AC$43*$K$6 -> 284.7 | AD54: =D11*AD$43*$K$6 -> 161.2 | AE54: =E11*AE$43*$K$6 -> 26.04 | AG54: =B11*AG$43*$K$6 -> 998.2 | AH54: =C11*AH$43*$K$6 -> 109.5 | AI54: =D11*AI$43*$K$6 -> 64.48 | AJ54: =E11*AJ$43*$K$6 -> 9.3 | AL54: =B11*AL$43 -> 7130 | AM54: =C11*AM$43 -> 1095 | AN54: =D11*AN$43 -> 806 | AO54: =E11*AO$43 -> 93
H55: 0.22 | I55: 0.18 | J55: 0.15 | K55: 0.2 | M55: 0.25 | N55: 0.28 | O55: 0.35 | P55: 0.4 | R55: 0.42 | S55: 0.45 | T55: 0.38 | U55: 0.5 | W55: 0.2 | X55: 0.22 | Y55: 0.28 | Z55: 0.32 | AB55: 0.38 | AC55: 0.4 | AD55: 0.32 | AE55: 0.45 | AG55: 0.18 | AH55: 0.12 | AI55: 0.08 | AJ55: 0.12 | AL55: 1 | AM55: 1 | AN55: 1 | AO55: 1 | AQ55: Week 4 TOF (min)
A56: Week 4 | 10/12 - 10/18 | Match 10/17 | H56: Monday - Light Training | M56: Tuesday AM - Units | R56: Tuesday PM - Team | W56: Thursday AM - Units | AB56: Thursday PM - Team | AG56: Friday - Captain's Run | AL56: Saturday - MATCH (10/17) | AQ56: Mon | AR56: 30
A57: Position | B57: TD | C57: HMLD | D57: HSR | E57: A+D | F57: BIP m/min | H57: TD | I57: HMLD | J57: HSR | K57: A+D | M57: TD | N57: HMLD | O57: HSR | P57: A+D | R57: TD | S57: HMLD | T57: HSR | U57: A+D | W57: TD | X57: HMLD | Y57: HSR | Z57: A+D | AB57: TD | AC57: HMLD | AD57: HSR | AE57: A+D | AG57: TD | AH57: HMLD | AI57: HSR | AJ57: A+D | AL57: TD | AM57: HMLD | AN57: HSR | AO57: A+D | AQ57: Tue AM | AR57: 30
A58: Prop | B58: =H58+M58+R58+W58+AB58+AG58+AL58 -> 14908.9 | C58: =I58+N58+S58+X58+AC58+AH58+AM58 -> 1036.15 | D58: =J58+O58+T58+Y58+AD58+AI58+AN58 -> 256 | E58: =K58+P58+U58+Z58+AE58+AJ58+AO58 -> 92.69 | F58: =F3 -> 85 | H58: =B3*H$55*$K$7 -> 1237.72 | I58: =C3*I$55*$K$7 -> 70.38 | J58: =D3*J$55*$K$7 -> 15 | K58: =E3*K$55*$K$7 -> 6.2 | M58: =B3*M$55*$K$7 -> 1406.5 | N58: =C3*N$55*$K$7 -> 109.48 | O58: =D3*O$55*$K$7 -> 35 | P58: =E3*P$55*$K$7 -> 12.4 | R58: =B3*R$55*$K$7 -> 2362.92 | S58: =C3*S$55*$K$7 -> 175.95 | T58: =D3*T$55*$K$7 -> 38 | U58: =E3*U$55*$K$7 -> 15.5 | W58: =B3*W$55*$K$7 -> 1125.2 | X58: =C3*X$55*$K$7 -> 86.02 | Y58: =D3*Y$55*$K$7 -> 28 | Z58: =E3*Z$55*$K$7 -> 9.92 | AB58: =B3*AB$55*$K$7 -> 2137.88 | AC58: =C3*AC$55*$K$7 -> 156.4 | AD58: =D3*AD$55*$K$7 -> 32 | AE58: =E3*AE$55*$K$7 -> 13.95 | AG58: =B3*AG$55*$K$7 -> 1012.68 | AH58: =C3*AH$55*$K$7 -> 46.92 | AI58: =D3*AI$55*$K$7 -> 8 | AJ58: =E3*AJ$55*$K$7 -> 3.72 | AL58: =B3*AL$55 -> 5626 | AM58: =C3*AM$55 -> 391 | AN58: =D3*AN$55 -> 100 | AO58: =E3*AO$55 -> 31 | AQ58: Tue PM | AR58: 60
A59: Hooker | B59: =H59+M59+R59+W59+AB59+AG59+AL59 -> 14540.55 | C59: =I59+N59+S59+X59+AC59+AH59+AM59 -> 964.6 | D59: =J59+O59+T59+Y59+AD59+AI59+AN59 -> 358.4 | E59: =K59+P59+U59+Z59+AE59+AJ59+AO59 -> 89.7 | F59: =F4 -> 81 | H59: =B4*H$55*$K$7 -> 1207.14 | I59: =C4*I$55*$K$7 -> 65.52 | J59: =D4*J$55*$K$7 -> 21 | K59: =E4*K$55*$K$7 -> 6 | M59: =B4*M$55*$K$7 -> 1371.75 | N59: =C4*N$55*$K$7 -> 101.92 | O59: =D4*O$55*$K$7 -> 49 | P59: =E4*P$55*$K$7 -> 12 | R59: =B4*R$55*$K$7 -> 2304.54 | S59: =C4*S$55*$K$7 -> 163.8 | T59: =D4*T$55*$K$7 -> 53.2 | U59: =E4*U$55*$K$7 -> 15 | W59: =B4*W$55*$K$7 -> 1097.4 | X59: =C4*X$55*$K$7 -> 80.08 | Y59: =D4*Y$55*$K$7 -> 39.2 | Z59: =E4*Z$55*$K$7 -> 9.6 | AB59: =B4*AB$55*$K$7 -> 2085.06 | AC59: =C4*AC$55*$K$7 -> 145.6 | AD59: =D4*AD$55*$K$7 -> 44.8 | AE59: =E4*AE$55*$K$7 -> 13.5 | AG59: =B4*AG$55*$K$7 -> 987.66 | AH59: =C4*AH$55*$K$7 -> 43.68 | AI59: =D4*AI$55*$K$7 -> 11.2 | AJ59: =E4*AJ$55*$K$7 -> 3.6 | AL59: =B4*AL$55 -> 5487 | AM59: =C4*AM$55 -> 364 | AN59: =D4*AN$55 -> 140 | AO59: =E4*AO$55 -> 30 | AQ59: Thu AM | AR59: 25
A60: Lock | B60: =H60+M60+R60+W60+AB60+AG60+AL60 -> 16718.85 | C60: =I60+N60+S60+X60+AC60+AH60+AM60 -> 1491.95 | D60: =J60+O60+T60+Y60+AD60+AI60+AN60 -> 727.04 | E60: =K60+P60+U60+Z60+AE60+AJ60+AO60 -> 158.47 | F60: =F5 -> 103 | H60: =B5*H$55*$K$7 -> 1387.98 | I60: =C5*I$55*$K$7 -> 101.34 | J60: =D5*J$55*$K$7 -> 42.6 | K60: =E5*K$55*$K$7 -> 10.6 | M60: =B5*M$55*$K$7 -> 1577.25 | N60: =C5*N$55*$K$7 -> 157.64 | O60: =D5*O$55*$K$7 -> 99.4 | P60: =E5*P$55*$K$7 -> 21.2 | R60: =B5*R$55*$K$7 -> 2649.78 | S60: =C5*S$55*$K$7 -> 253.35 | T60: =D5*T$55*$K$7 -> 107.92 | U60: =E5*U$55*$K$7 -> 26.5 | W60: =B5*W$55*$K$7 -> 1261.8 | X60: =C5*X$55*$K$7 -> 123.86 | Y60: =D5*Y$55*$K$7 -> 79.52 | Z60: =E5*Z$55*$K$7 -> 16.96 | AB60: =B5*AB$55*$K$7 -> 2397.42 | AC60: =C5*AC$55*$K$7 -> 225.2 | AD60: =D5*AD$55*$K$7 -> 90.88 | AE60: =E5*AE$55*$K$7 -> 23.85 | AG60: =B5*AG$55*$K$7 -> 1135.62 | AH60: =C5*AH$55*$K$7 -> 67.56 | AI60: =D5*AI$55*$K$7 -> 22.72 | AJ60: =E5*AJ$55*$K$7 -> 6.36 | AL60: =B5*AL$55 -> 6309 | AM60: =C5*AM$55 -> 563 | AN60: =D5*AN$55 -> 284 | AO60: =E5*AO$55 -> 53 | AQ60: Thu PM | AR60: 55
A61: Back row | B61: =H61+M61+R61+W61+AB61+AG61+AL61 -> 16957.35 | C61: =I61+N61+S61+X61+AC61+AH61+AM61 -> 1849.7 | D61: =J61+O61+T61+Y61+AD61+AI61+AN61 -> 911.36 | E61: =K61+P61+U61+Z61+AE61+AJ61+AO61 -> 212.29 | F61: =F6 -> 106 | H61: =B6*H$55*$K$7 -> 1407.78 | I61: =C6*I$55*$K$7 -> 125.64 | J61: =D6*J$55*$K$7 -> 53.4 | K61: =E6*K$55*$K$7 -> 14.2 | M61: =B6*M$55*$K$7 -> 1599.75 | N61: =C6*N$55*$K$7 -> 195.44 | O61: =D6*O$55*$K$7 -> 124.6 | P61: =E6*P$55*$K$7 -> 28.4 | R61: =B6*R$55*$K$7 -> 2687.58 | S61: =C6*S$55*$K$7 -> 314.1 | T61: =D6*T$55*$K$7 -> 135.28 | U61: =E6*U$55*$K$7 -> 35.5 | W61: =B6*W$55*$K$7 -> 1279.8 | X61: =C6*X$55*$K$7 -> 153.56 | Y61: =D6*Y$55*$K$7 -> 99.68 | Z61: =E6*Z$55*$K$7 -> 22.72 | AB61: =B6*AB$55*$K$7 -> 2431.62 | AC61: =C6*AC$55*$K$7 -> 279.2 | AD61: =D6*AD$55*$K$7 -> 113.92 | AE61: =E6*AE$55*$K$7 -> 31.95 | AG61: =B6*AG$55*$K$7 -> 1151.82 | AH61: =C6*AH$55*$K$7 -> 83.76 | AI61: =D6*AI$55*$K$7 -> 28.48 | AJ61: =E6*AJ$55*$K$7 -> 8.52 | AL61: =B6*AL$55 -> 6399 | AM61: =C6*AM$55 -> 698 | AN61: =D6*AN$55 -> 356 | AO61: =E6*AO$55 -> 71 | AQ61: Fri | AR61: 20
A62: Scrum-half | B62: =H62+M62+R62+W62+AB62+AG62+AL62 -> 17182.6 | C62: =I62+N62+S62+X62+AC62+AH62+AM62 -> 3161.45 | D62: =J62+O62+T62+Y62+AD62+AI62+AN62 -> 2096.64 | E62: =K62+P62+U62+Z62+AE62+AJ62+AO62 -> 304.98 | F62: =F7 -> 106 | H62: =B7*H$55*$K$7 -> 1426.48 | I62: =C7*I$55*$K$7 -> 214.74 | J62: =D7*J$55*$K$7 -> 122.85 | K62: =E7*K$55*$K$7 -> 20.4 | M62: =B7*M$55*$K$7 -> 1621 | N62: =C7*N$55*$K$7 -> 334.04 | O62: =D7*O$55*$K$7 -> 286.65 | P62: =E7*P$55*$K$7 -> 40.8 | R62: =B7*R$55*$K$7 -> 2723.28 | S62: =C7*S$55*$K$7 -> 536.85 | T62: =D7*T$55*$K$7 -> 311.22 | U62: =E7*U$55*$K$7 -> 51 | W62: =B7*W$55*$K$7 -> 1296.8 | X62: =C7*X$55*$K$7 -> 262.46 | Y62: =D7*Y$55*$K$7 -> 229.32 | Z62: =E7*Z$55*$K$7 -> 32.64 | AB62: =B7*AB$55*$K$7 -> 2463.92 | AC62: =C7*AC$55*$K$7 -> 477.2 | AD62: =D7*AD$55*$K$7 -> 262.08 | AE62: =E7*AE$55*$K$7 -> 45.9 | AG62: =B7*AG$55*$K$7 -> 1167.12 | AH62: =C7*AH$55*$K$7 -> 143.16 | AI62: =D7*AI$55*$K$7 -> 65.52 | AJ62: =E7*AJ$55*$K$7 -> 12.24 | AL62: =B7*AL$55 -> 6484 | AM62: =C7*AM$55 -> 1193 | AN62: =D7*AN$55 -> 819 | AO62: =E7*AO$55 -> 102 | AQ62: Sat | AR62: 80
A63: Fly-half | B63: =H63+M63+R63+W63+AB63+AG63+AL63 -> 16048.4 | C63: =I63+N63+S63+X63+AC63+AH63+AM63 -> 1751.65 | D63: =J63+O63+T63+Y63+AD63+AI63+AN63 -> 688.64 | E63: =K63+P63+U63+Z63+AE63+AJ63+AO63 -> 260.13 | F63: =F8 -> 95 | H63: =B8*H$55*$K$7 -> 1332.32 | I63: =C8*I$55*$K$7 -> 118.98 | J63: =D8*J$55*$K$7 -> 40.35 | K63: =E8*K$55*$K$7 -> 17.4 | M63: =B8*M$55*$K$7 -> 1514 | N63: =C8*N$55*$K$7 -> 185.08 | O63: =D8*O$55*$K$7 -> 94.15 | P63: =E8*P$55*$K$7 -> 34.8 | R63: =B8*R$55*$K$7 -> 2543.52 | S63: =C8*S$55*$K$7 -> 297.45 | T63: =D8*T$55*$K$7 -> 102.22 | U63: =E8*U$55*$K$7 -> 43.5 | W63: =B8*W$55*$K$7 -> 1211.2 | X63: =C8*X$55*$K$7 -> 145.42 | Y63: =D8*Y$55*$K$7 -> 75.32 | Z63: =E8*Z$55*$K$7 -> 27.84 | AB63: =B8*AB$55*$K$7 -> 2301.28 | AC63: =C8*AC$55*$K$7 -> 264.4 | AD63: =D8*AD$55*$K$7 -> 86.08 | AE63: =E8*AE$55*$K$7 -> 39.15 | AG63: =B8*AG$55*$K$7 -> 1090.08 | AH63: =C8*AH$55*$K$7 -> 79.32 | AI63: =D8*AI$55*$K$7 -> 21.52 | AJ63: =E8*AJ$55*$K$7 -> 10.44 | AL63: =B8*AL$55 -> 6056 | AM63: =C8*AM$55 -> 661 | AN63: =D8*AN$55 -> 269 | AO63: =E8*AO$55 -> 87 | AQ63: Total | AR63: =SUM(AR56:AR62) -> 300
A64: Center | B64: =H64+M64+R64+W64+AB64+AG64+AL64 -> 17906.05 | C64: =I64+N64+S64+X64+AC64+AH64+AM64 -> 2848.75 | D64: =J64+O64+T64+Y64+AD64+AI64+AN64 -> 1876.48 | E64: =K64+P64+U64+Z64+AE64+AJ64+AO64 -> 337.87 | F64: =F9 -> 112 | H64: =B9*H$55*$K$7 -> 1486.54 | I64: =C9*I$55*$K$7 -> 193.5 | J64: =D9*J$55*$K$7 -> 109.95 | K64: =E9*K$55*$K$7 -> 22.6 | M64: =B9*M$55*$K$7 -> 1689.25 | N64: =C9*N$55*$K$7 -> 301 | O64: =D9*O$55*$K$7 -> 256.55 | P64: =E9*P$55*$K$7 -> 45.2 | R64: =B9*R$55*$K$7 -> 2837.94 | S64: =C9*S$55*$K$7 -> 483.75 | T64: =D9*T$55*$K$7 -> 278.54 | U64: =E9*U$55*$K$7 -> 56.5 | W64: =B9*W$55*$K$7 -> 1351.4 | X64: =C9*X$55*$K$7 -> 236.5 | Y64: =D9*Y$55*$K$7 -> 205.24 | Z64: =E9*Z$55*$K$7 -> 36.16 | AB64: =B9*AB$55*$K$7 -> 2567.66 | AC64: =C9*AC$55*$K$7 -> 430 | AD64: =D9*AD$55*$K$7 -> 234.56 | AE64: =E9*AE$55*$K$7 -> 50.85 | AG64: =B9*AG$55*$K$7 -> 1216.26 | AH64: =C9*AH$55*$K$7 -> 129 | AI64: =D9*AI$55*$K$7 -> 58.64 | AJ64: =E9*AJ$55*$K$7 -> 13.56 | AL64: =B9*AL$55 -> 6757 | AM64: =C9*AM$55 -> 1075 | AN64: =D9*AN$55 -> 733 | AO64: =E9*AO$55 -> 113
A65: Wing | B65: =H65+M65+R65+W65+AB65+AG65+AL65 -> 19570.25 | C65: =I65+N65+S65+X65+AC65+AH65+AM65 -> 3421.15 | D65: =J65+O65+T65+Y65+AD65+AI65+AN65 -> 2647.04 | E65: =K65+P65+U65+Z65+AE65+AJ65+AO65 -> 313.95 | F65: =F10 -> 130 | H65: =B10*H$55*$K$7 -> 1624.7 | I65: =C10*I$55*$K$7 -> 232.38 | J65: =D10*J$55*$K$7 -> 155.1 | K65: =E10*K$55*$K$7 -> 21 | M65: =B10*M$55*$K$7 -> 1846.25 | N65: =C10*N$55*$K$7 -> 361.48 | O65: =D10*O$55*$K$7 -> 361.9 | P65: =E10*P$55*$K$7 -> 42 | R65: =B10*R$55*$K$7 -> 3101.7 | S65: =C10*S$55*$K$7 -> 580.95 | T65: =D10*T$55*$K$7 -> 392.92 | U65: =E10*U$55*$K$7 -> 52.5 | W65: =B10*W$55*$K$7 -> 1477 | X65: =C10*X$55*$K$7 -> 284.02 | Y65: =D10*Y$55*$K$7 -> 289.52 | Z65: =E10*Z$55*$K$7 -> 33.6 | AB65: =B10*AB$55*$K$7 -> 2806.3 | AC65: =C10*AC$55*$K$7 -> 516.4 | AD65: =D10*AD$55*$K$7 -> 330.88 | AE65: =E10*AE$55*$K$7 -> 47.25 | AG65: =B10*AG$55*$K$7 -> 1329.3 | AH65: =C10*AH$55*$K$7 -> 154.92 | AI65: =D10*AI$55*$K$7 -> 82.72 | AJ65: =E10*AJ$55*$K$7 -> 12.6 | AL65: =B10*AL$55 -> 7385 | AM65: =C10*AM$55 -> 1291 | AN65: =D10*AN$55 -> 1034 | AO65: =E10*AO$55 -> 105
A66: Fullback | B66: =H66+M66+R66+W66+AB66+AG66+AL66 -> 18894.5 | C66: =I66+N66+S66+X66+AC66+AH66+AM66 -> 2901.75 | D66: =J66+O66+T66+Y66+AD66+AI66+AN66 -> 2063.36 | E66: =K66+P66+U66+Z66+AE66+AJ66+AO66 -> 278.07 | F66: =F11 -> 121 | H66: =B11*H$55*$K$7 -> 1568.6 | I66: =C11*I$55*$K$7 -> 197.1 | J66: =D11*J$55*$K$7 -> 120.9 | K66: =E11*K$55*$K$7 -> 18.6 | M66: =B11*M$55*$K$7 -> 1782.5 | N66: =C11*N$55*$K$7 -> 306.6 | O66: =D11*O$55*$K$7 -> 282.1 | P66: =E11*P$55*$K$7 -> 37.2 | R66: =B11*R$55*$K$7 -> 2994.6 | S66: =C11*S$55*$K$7 -> 492.75 | T66: =D11*T$55*$K$7 -> 306.28 | U66: =E11*U$55*$K$7 -> 46.5 | W66: =B11*W$55*$K$7 -> 1426 | X66: =C11*X$55*$K$7 -> 240.9 | Y66: =D11*Y$55*$K$7 -> 225.68 | Z66: =E11*Z$55*$K$7 -> 29.76 | AB66: =B11*AB$55*$K$7 -> 2709.4 | AC66: =C11*AC$55*$K$7 -> 438 | AD66: =D11*AD$55*$K$7 -> 257.92 | AE66: =E11*AE$55*$K$7 -> 41.85 | AG66: =B11*AG$55*$K$7 -> 1283.4 | AH66: =C11*AH$55*$K$7 -> 131.4 | AI66: =D11*AI$55*$K$7 -> 64.48 | AJ66: =E11*AJ$55*$K$7 -> 11.16 | AL66: =B11*AL$55 -> 7130 | AM66: =C11*AM$55 -> 1095 | AN66: =D11*AN$55 -> 806 | AO66: =E11*AO$55 -> 93
H67: 0.2 | I67: 0.16 | J67: 0.14 | K67: 0.18 | M67: 0.24 | N67: 0.26 | O67: 0.32 | P67: 0.36 | R67: 0.4 | S67: 0.42 | T67: 0.36 | U67: 0.46 | W67: 0.18 | X67: 0.2 | Y67: 0.22 | Z67: 0.24 | AB67: 0.3 | AC67: 0.32 | AD67: 0.26 | AE67: 0.34 | AG67: 0 | AH67: 0 | AI67: 0 | AJ67: 0 | AL67: 0 | AM67: 0 | AN67: 0 | AO67: 0 | AQ67: Week 5 TOF (min)
A68: Week 5 | 10/19 - 10/25 | BYE WEEK - DELOAD / recovery, Fri + Sat off | H68: Monday - Light Training | M68: Tuesday AM - Units | R68: Tuesday PM - Team | W68: Thursday AM - Units | AB68: Thursday PM - Team | AG68: Friday - OFF | AL68: Saturday - OFF (BYE) | AQ68: Mon | AR68: 30
A69: Position | B69: TD | C69: HMLD | D69: HSR | E69: A+D | F69: BIP m/min | H69: TD | I69: HMLD | J69: HSR | K69: A+D | M69: TD | N69: HMLD | O69: HSR | P69: A+D | R69: TD | S69: HMLD | T69: HSR | U69: A+D | W69: TD | X69: HMLD | Y69: HSR | Z69: A+D | AB69: TD | AC69: HMLD | AD69: HSR | AE69: A+D | AG69: TD | AH69: HMLD | AI69: HSR | AJ69: A+D | AL69: TD | AM69: HMLD | AN69: HSR | AO69: A+D | AQ69: Tue AM | AR69: 25
A70: Prop | B70: =H70+M70+R70+W70+AB70+AG70+AL70 -> 7426.32 | C70: =I70+N70+S70+X70+AC70+AH70+AM70 -> 531.76 | D70: =J70+O70+T70+Y70+AD70+AI70+AN70 -> 130 | E70: =K70+P70+U70+Z70+AE70+AJ70+AO70 -> 48.98 | F70: =F3 -> 85 | H70: =B3*H$67*$K$8 -> 1125.2 | I70: =C3*I$67*$K$8 -> 62.56 | J70: =D3*J$67*$K$8 -> 14 | K70: =E3*K$67*$K$8 -> 5.58 | M70: =B3*M$67*$K$8 -> 1350.24 | N70: =C3*N$67*$K$8 -> 101.66 | O70: =D3*O$67*$K$8 -> 32 | P70: =E3*P$67*$K$8 -> 11.16 | R70: =B3*R$67*$K$8 -> 2250.4 | S70: =C3*S$67*$K$8 -> 164.22 | T70: =D3*T$67*$K$8 -> 36 | U70: =E3*U$67*$K$8 -> 14.26 | W70: =B3*W$67*$K$8 -> 1012.68 | X70: =C3*X$67*$K$8 -> 78.2 | Y70: =D3*Y$67*$K$8 -> 22 | Z70: =E3*Z$67*$K$8 -> 7.44 | AB70: =B3*AB$67*$K$8 -> 1687.8 | AC70: =C3*AC$67*$K$8 -> 125.12 | AD70: =D3*AD$67*$K$8 -> 26 | AE70: =E3*AE$67*$K$8 -> 10.54 | AG70: =B3*AG$67*$K$8 -> 0 | AH70: =C3*AH$67*$K$8 -> 0 | AI70: =D3*AI$67*$K$8 -> 0 | AJ70: =E3*AJ$67*$K$8 -> 0 | AL70: =B3*AL$67 -> 0 | AM70: =C3*AM$67 -> 0 | AN70: =D3*AN$67 -> 0 | AO70: =E3*AO$67 -> 0 | AQ70: Tue PM | AR70: 55
A71: Hooker | B71: =H71+M71+R71+W71+AB71+AG71+AL71 -> 7242.84 | C71: =I71+N71+S71+X71+AC71+AH71+AM71 -> 495.04 | D71: =J71+O71+T71+Y71+AD71+AI71+AN71 -> 182 | E71: =K71+P71+U71+Z71+AE71+AJ71+AO71 -> 47.4 | F71: =F4 -> 81 | H71: =B4*H$67*$K$8 -> 1097.4 | I71: =C4*I$67*$K$8 -> 58.24 | J71: =D4*J$67*$K$8 -> 19.6 | K71: =E4*K$67*$K$8 -> 5.4 | M71: =B4*M$67*$K$8 -> 1316.88 | N71: =C4*N$67*$K$8 -> 94.64 | O71: =D4*O$67*$K$8 -> 44.8 | P71: =E4*P$67*$K$8 -> 10.8 | R71: =B4*R$67*$K$8 -> 2194.8 | S71: =C4*S$67*$K$8 -> 152.88 | T71: =D4*T$67*$K$8 -> 50.4 | U71: =E4*U$67*$K$8 -> 13.8 | W71: =B4*W$67*$K$8 -> 987.66 | X71: =C4*X$67*$K$8 -> 72.8 | Y71: =D4*Y$67*$K$8 -> 30.8 | Z71: =E4*Z$67*$K$8 -> 7.2 | AB71: =B4*AB$67*$K$8 -> 1646.1 | AC71: =C4*AC$67*$K$8 -> 116.48 | AD71: =D4*AD$67*$K$8 -> 36.4 | AE71: =E4*AE$67*$K$8 -> 10.2 | AG71: =B4*AG$67*$K$8 -> 0 | AH71: =C4*AH$67*$K$8 -> 0 | AI71: =D4*AI$67*$K$8 -> 0 | AJ71: =E4*AJ$67*$K$8 -> 0 | AL71: =B4*AL$67 -> 0 | AM71: =C4*AM$67 -> 0 | AN71: =D4*AN$67 -> 0 | AO71: =E4*AO$67 -> 0 | AQ71: Thu AM | AR71: 20
A72: Lock | B72: =H72+M72+R72+W72+AB72+AG72+AL72 -> 8327.88 | C72: =I72+N72+S72+X72+AC72+AH72+AM72 -> 765.68 | D72: =J72+O72+T72+Y72+AD72+AI72+AN72 -> 369.2 | E72: =K72+P72+U72+Z72+AE72+AJ72+AO72 -> 83.74 | F72: =F5 -> 103 | H72: =B5*H$67*$K$8 -> 1261.8 | I72: =C5*I$67*$K$8 -> 90.08 | J72: =D5*J$67*$K$8 -> 39.76 | K72: =E5*K$67*$K$8 -> 9.54 | M72: =B5*M$67*$K$8 -> 1514.16 | N72: =C5*N$67*$K$8 -> 146.38 | O72: =D5*O$67*$K$8 -> 90.88 | P72: =E5*P$67*$K$8 -> 19.08 | R72: =B5*R$67*$K$8 -> 2523.6 | S72: =C5*S$67*$K$8 -> 236.46 | T72: =D5*T$67*$K$8 -> 102.24 | U72: =E5*U$67*$K$8 -> 24.38 | W72: =B5*W$67*$K$8 -> 1135.62 | X72: =C5*X$67*$K$8 -> 112.6 | Y72: =D5*Y$67*$K$8 -> 62.48 | Z72: =E5*Z$67*$K$8 -> 12.72 | AB72: =B5*AB$67*$K$8 -> 1892.7 | AC72: =C5*AC$67*$K$8 -> 180.16 | AD72: =D5*AD$67*$K$8 -> 73.84 | AE72: =E5*AE$67*$K$8 -> 18.02 | AG72: =B5*AG$67*$K$8 -> 0 | AH72: =C5*AH$67*$K$8 -> 0 | AI72: =D5*AI$67*$K$8 -> 0 | AJ72: =E5*AJ$67*$K$8 -> 0 | AL72: =B5*AL$67 -> 0 | AM72: =C5*AM$67 -> 0 | AN72: =D5*AN$67 -> 0 | AO72: =E5*AO$67 -> 0 | AQ72: Thu PM | AR72: 45
A73: Back row | B73: =H73+M73+R73+W73+AB73+AG73+AL73 -> 8446.68 | C73: =I73+N73+S73+X73+AC73+AH73+AM73 -> 949.28 | D73: =J73+O73+T73+Y73+AD73+AI73+AN73 -> 462.8 | E73: =K73+P73+U73+Z73+AE73+AJ73+AO73 -> 112.18 | F73: =F6 -> 106 | H73: =B6*H$67*$K$8 -> 1279.8 | I73: =C6*I$67*$K$8 -> 111.68 | J73: =D6*J$67*$K$8 -> 49.84 | K73: =E6*K$67*$K$8 -> 12.78 | M73: =B6*M$67*$K$8 -> 1535.76 | N73: =C6*N$67*$K$8 -> 181.48 | O73: =D6*O$67*$K$8 -> 113.92 | P73: =E6*P$67*$K$8 -> 25.56 | R73: =B6*R$67*$K$8 -> 2559.6 | S73: =C6*S$67*$K$8 -> 293.16 | T73: =D6*T$67*$K$8 -> 128.16 | U73: =E6*U$67*$K$8 -> 32.66 | W73: =B6*W$67*$K$8 -> 1151.82 | X73: =C6*X$67*$K$8 -> 139.6 | Y73: =D6*Y$67*$K$8 -> 78.32 | Z73: =E6*Z$67*$K$8 -> 17.04 | AB73: =B6*AB$67*$K$8 -> 1919.7 | AC73: =C6*AC$67*$K$8 -> 223.36 | AD73: =D6*AD$67*$K$8 -> 92.56 | AE73: =E6*AE$67*$K$8 -> 24.14 | AG73: =B6*AG$67*$K$8 -> 0 | AH73: =C6*AH$67*$K$8 -> 0 | AI73: =D6*AI$67*$K$8 -> 0 | AJ73: =E6*AJ$67*$K$8 -> 0 | AL73: =B6*AL$67 -> 0 | AM73: =C6*AM$67 -> 0 | AN73: =D6*AN$67 -> 0 | AO73: =E6*AO$67 -> 0 | AQ73: Fri | AR73: 0
A74: Scrum-half | B74: =H74+M74+R74+W74+AB74+AG74+AL74 -> 8558.88 | C74: =I74+N74+S74+X74+AC74+AH74+AM74 -> 1622.48 | D74: =J74+O74+T74+Y74+AD74+AI74+AN74 -> 1064.7 | E74: =K74+P74+U74+Z74+AE74+AJ74+AO74 -> 161.16 | F74: =F7 -> 106 | H74: =B7*H$67*$K$8 -> 1296.8 | I74: =C7*I$67*$K$8 -> 190.88 | J74: =D7*J$67*$K$8 -> 114.66 | K74: =E7*K$67*$K$8 -> 18.36 | M74: =B7*M$67*$K$8 -> 1556.16 | N74: =C7*N$67*$K$8 -> 310.18 | O74: =D7*O$67*$K$8 -> 262.08 | P74: =E7*P$67*$K$8 -> 36.72 | R74: =B7*R$67*$K$8 -> 2593.6 | S74: =C7*S$67*$K$8 -> 501.06 | T74: =D7*T$67*$K$8 -> 294.84 | U74: =E7*U$67*$K$8 -> 46.92 | W74: =B7*W$67*$K$8 -> 1167.12 | X74: =C7*X$67*$K$8 -> 238.6 | Y74: =D7*Y$67*$K$8 -> 180.18 | Z74: =E7*Z$67*$K$8 -> 24.48 | AB74: =B7*AB$67*$K$8 -> 1945.2 | AC74: =C7*AC$67*$K$8 -> 381.76 | AD74: =D7*AD$67*$K$8 -> 212.94 | AE74: =E7*AE$67*$K$8 -> 34.68 | AG74: =B7*AG$67*$K$8 -> 0 | AH74: =C7*AH$67*$K$8 -> 0 | AI74: =D7*AI$67*$K$8 -> 0 | AJ74: =E7*AJ$67*$K$8 -> 0 | AL74: =B7*AL$67 -> 0 | AM74: =C7*AM$67 -> 0 | AN74: =D7*AN$67 -> 0 | AO74: =E7*AO$67 -> 0 | AQ74: Sat | AR74: 0
A75: Fly-half | B75: =H75+M75+R75+W75+AB75+AG75+AL75 -> 7993.92 | C75: =I75+N75+S75+X75+AC75+AH75+AM75 -> 898.96 | D75: =J75+O75+T75+Y75+AD75+AI75+AN75 -> 349.7 | E75: =K75+P75+U75+Z75+AE75+AJ75+AO75 -> 137.46 | F75: =F8 -> 95 | H75: =B8*H$67*$K$8 -> 1211.2 | I75: =C8*I$67*$K$8 -> 105.76 | J75: =D8*J$67*$K$8 -> 37.66 | K75: =E8*K$67*$K$8 -> 15.66 | M75: =B8*M$67*$K$8 -> 1453.44 | N75: =C8*N$67*$K$8 -> 171.86 | O75: =D8*O$67*$K$8 -> 86.08 | P75: =E8*P$67*$K$8 -> 31.32 | R75: =B8*R$67*$K$8 -> 2422.4 | S75: =C8*S$67*$K$8 -> 277.62 | T75: =D8*T$67*$K$8 -> 96.84 | U75: =E8*U$67*$K$8 -> 40.02 | W75: =B8*W$67*$K$8 -> 1090.08 | X75: =C8*X$67*$K$8 -> 132.2 | Y75: =D8*Y$67*$K$8 -> 59.18 | Z75: =E8*Z$67*$K$8 -> 20.88 | AB75: =B8*AB$67*$K$8 -> 1816.8 | AC75: =C8*AC$67*$K$8 -> 211.52 | AD75: =D8*AD$67*$K$8 -> 69.94 | AE75: =E8*AE$67*$K$8 -> 29.58 | AG75: =B8*AG$67*$K$8 -> 0 | AH75: =C8*AH$67*$K$8 -> 0 | AI75: =D8*AI$67*$K$8 -> 0 | AJ75: =E8*AJ$67*$K$8 -> 0 | AL75: =B8*AL$67 -> 0 | AM75: =C8*AM$67 -> 0 | AN75: =D8*AN$67 -> 0 | AO75: =E8*AO$67 -> 0 | AQ75: Total | AR75: =SUM(AR68:AR74) -> 175
A76: Center | B76: =H76+M76+R76+W76+AB76+AG76+AL76 -> 8919.24 | C76: =I76+N76+S76+X76+AC76+AH76+AM76 -> 1462 | D76: =J76+O76+T76+Y76+AD76+AI76+AN76 -> 952.9 | E76: =K76+P76+U76+Z76+AE76+AJ76+AO76 -> 178.54 | F76: =F9 -> 112 | H76: =B9*H$67*$K$8 -> 1351.4 | I76: =C9*I$67*$K$8 -> 172 | J76: =D9*J$67*$K$8 -> 102.62 | K76: =E9*K$67*$K$8 -> 20.34 | M76: =B9*M$67*$K$8 -> 1621.68 | N76: =C9*N$67*$K$8 -> 279.5 | O76: =D9*O$67*$K$8 -> 234.56 | P76: =E9*P$67*$K$8 -> 40.68 | R76: =B9*R$67*$K$8 -> 2702.8 | S76: =C9*S$67*$K$8 -> 451.5 | T76: =D9*T$67*$K$8 -> 263.88 | U76: =E9*U$67*$K$8 -> 51.98 | W76: =B9*W$67*$K$8 -> 1216.26 | X76: =C9*X$67*$K$8 -> 215 | Y76: =D9*Y$67*$K$8 -> 161.26 | Z76: =E9*Z$67*$K$8 -> 27.12 | AB76: =B9*AB$67*$K$8 -> 2027.1 | AC76: =C9*AC$67*$K$8 -> 344 | AD76: =D9*AD$67*$K$8 -> 190.58 | AE76: =E9*AE$67*$K$8 -> 38.42 | AG76: =B9*AG$67*$K$8 -> 0 | AH76: =C9*AH$67*$K$8 -> 0 | AI76: =D9*AI$67*$K$8 -> 0 | AJ76: =E9*AJ$67*$K$8 -> 0 | AL76: =B9*AL$67 -> 0 | AM76: =C9*AM$67 -> 0 | AN76: =D9*AN$67 -> 0 | AO76: =E9*AO$67 -> 0
A77: Wing | B77: =H77+M77+R77+W77+AB77+AG77+AL77 -> 9748.2 | C77: =I77+N77+S77+X77+AC77+AH77+AM77 -> 1755.76 | D77: =J77+O77+T77+Y77+AD77+AI77+AN77 -> 1344.2 | E77: =K77+P77+U77+Z77+AE77+AJ77+AO77 -> 165.9 | F77: =F10 -> 130 | H77: =B10*H$67*$K$8 -> 1477 | I77: =C10*I$67*$K$8 -> 206.56 | J77: =D10*J$67*$K$8 -> 144.76 | K77: =E10*K$67*$K$8 -> 18.9 | M77: =B10*M$67*$K$8 -> 1772.4 | N77: =C10*N$67*$K$8 -> 335.66 | O77: =D10*O$67*$K$8 -> 330.88 | P77: =E10*P$67*$K$8 -> 37.8 | R77: =B10*R$67*$K$8 -> 2954 | S77: =C10*S$67*$K$8 -> 542.22 | T77: =D10*T$67*$K$8 -> 372.24 | U77: =E10*U$67*$K$8 -> 48.3 | W77: =B10*W$67*$K$8 -> 1329.3 | X77: =C10*X$67*$K$8 -> 258.2 | Y77: =D10*Y$67*$K$8 -> 227.48 | Z77: =E10*Z$67*$K$8 -> 25.2 | AB77: =B10*AB$67*$K$8 -> 2215.5 | AC77: =C10*AC$67*$K$8 -> 413.12 | AD77: =D10*AD$67*$K$8 -> 268.84 | AE77: =E10*AE$67*$K$8 -> 35.7 | AG77: =B10*AG$67*$K$8 -> 0 | AH77: =C10*AH$67*$K$8 -> 0 | AI77: =D10*AI$67*$K$8 -> 0 | AJ77: =E10*AJ$67*$K$8 -> 0 | AL77: =B10*AL$67 -> 0 | AM77: =C10*AM$67 -> 0 | AN77: =D10*AN$67 -> 0 | AO77: =E10*AO$67 -> 0
A78: Fullback | B78: =H78+M78+R78+W78+AB78+AG78+AL78 -> 9411.6 | C78: =I78+N78+S78+X78+AC78+AH78+AM78 -> 1489.2 | D78: =J78+O78+T78+Y78+AD78+AI78+AN78 -> 1047.8 | E78: =K78+P78+U78+Z78+AE78+AJ78+AO78 -> 146.94 | F78: =F11 -> 121 | H78: =B11*H$67*$K$8 -> 1426 | I78: =C11*I$67*$K$8 -> 175.2 | J78: =D11*J$67*$K$8 -> 112.84 | K78: =E11*K$67*$K$8 -> 16.74 | M78: =B11*M$67*$K$8 -> 1711.2 | N78: =C11*N$67*$K$8 -> 284.7 | O78: =D11*O$67*$K$8 -> 257.92 | P78: =E11*P$67*$K$8 -> 33.48 | R78: =B11*R$67*$K$8 -> 2852 | S78: =C11*S$67*$K$8 -> 459.9 | T78: =D11*T$67*$K$8 -> 290.16 | U78: =E11*U$67*$K$8 -> 42.78 | W78: =B11*W$67*$K$8 -> 1283.4 | X78: =C11*X$67*$K$8 -> 219 | Y78: =D11*Y$67*$K$8 -> 177.32 | Z78: =E11*Z$67*$K$8 -> 22.32 | AB78: =B11*AB$67*$K$8 -> 2139 | AC78: =C11*AC$67*$K$8 -> 350.4 | AD78: =D11*AD$67*$K$8 -> 209.56 | AE78: =E11*AE$67*$K$8 -> 31.62 | AG78: =B11*AG$67*$K$8 -> 0 | AH78: =C11*AH$67*$K$8 -> 0 | AI78: =D11*AI$67*$K$8 -> 0 | AJ78: =E11*AJ$67*$K$8 -> 0 | AL78: =B11*AL$67 -> 0 | AM78: =C11*AM$67 -> 0 | AN78: =D11*AN$67 -> 0 | AO78: =E11*AO$67 -> 0
H79: 0.22 | I79: 0.18 | J79: 0.15 | K79: 0.2 | M79: 0.25 | N79: 0.28 | O79: 0.35 | P79: 0.4 | R79: 0.42 | S79: 0.45 | T79: 0.38 | U79: 0.5 | W79: 0.2 | X79: 0.22 | Y79: 0.28 | Z79: 0.32 | AB79: 0.38 | AC79: 0.4 | AD79: 0.32 | AE79: 0.45 | AG79: 0.18 | AH79: 0.12 | AI79: 0.08 | AJ79: 0.12 | AL79: 1 | AM79: 1 | AN79: 1 | AO79: 1 | AQ79: Week 6 TOF (min)
A80: Week 6 | 10/26 - 11/1 | Match 10/31 | H80: Monday - Light Training | M80: Tuesday AM - Units | R80: Tuesday PM - Team | W80: Thursday AM - Units | AB80: Thursday PM - Team | AG80: Friday - Captain's Run | AL80: Saturday - MATCH (10/31) | AQ80: Mon | AR80: 30
A81: Position | B81: TD | C81: HMLD | D81: HSR | E81: A+D | F81: BIP m/min | H81: TD | I81: HMLD | J81: HSR | K81: A+D | M81: TD | N81: HMLD | O81: HSR | P81: A+D | R81: TD | S81: HMLD | T81: HSR | U81: A+D | W81: TD | X81: HMLD | Y81: HSR | Z81: A+D | AB81: TD | AC81: HMLD | AD81: HSR | AE81: A+D | AG81: TD | AH81: HMLD | AI81: HSR | AJ81: A+D | AL81: TD | AM81: HMLD | AN81: HSR | AO81: A+D | AQ81: Tue AM | AR81: 30
A82: Prop | B82: =H82+M82+R82+W82+AB82+AG82+AL82 -> 14908.9 | C82: =I82+N82+S82+X82+AC82+AH82+AM82 -> 1036.15 | D82: =J82+O82+T82+Y82+AD82+AI82+AN82 -> 256 | E82: =K82+P82+U82+Z82+AE82+AJ82+AO82 -> 92.69 | F82: =F3 -> 85 | H82: =B3*H$79*$K$9 -> 1237.72 | I82: =C3*I$79*$K$9 -> 70.38 | J82: =D3*J$79*$K$9 -> 15 | K82: =E3*K$79*$K$9 -> 6.2 | M82: =B3*M$79*$K$9 -> 1406.5 | N82: =C3*N$79*$K$9 -> 109.48 | O82: =D3*O$79*$K$9 -> 35 | P82: =E3*P$79*$K$9 -> 12.4 | R82: =B3*R$79*$K$9 -> 2362.92 | S82: =C3*S$79*$K$9 -> 175.95 | T82: =D3*T$79*$K$9 -> 38 | U82: =E3*U$79*$K$9 -> 15.5 | W82: =B3*W$79*$K$9 -> 1125.2 | X82: =C3*X$79*$K$9 -> 86.02 | Y82: =D3*Y$79*$K$9 -> 28 | Z82: =E3*Z$79*$K$9 -> 9.92 | AB82: =B3*AB$79*$K$9 -> 2137.88 | AC82: =C3*AC$79*$K$9 -> 156.4 | AD82: =D3*AD$79*$K$9 -> 32 | AE82: =E3*AE$79*$K$9 -> 13.95 | AG82: =B3*AG$79*$K$9 -> 1012.68 | AH82: =C3*AH$79*$K$9 -> 46.92 | AI82: =D3*AI$79*$K$9 -> 8 | AJ82: =E3*AJ$79*$K$9 -> 3.72 | AL82: =B3*AL$79 -> 5626 | AM82: =C3*AM$79 -> 391 | AN82: =D3*AN$79 -> 100 | AO82: =E3*AO$79 -> 31 | AQ82: Tue PM | AR82: 60
A83: Hooker | B83: =H83+M83+R83+W83+AB83+AG83+AL83 -> 14540.55 | C83: =I83+N83+S83+X83+AC83+AH83+AM83 -> 964.6 | D83: =J83+O83+T83+Y83+AD83+AI83+AN83 -> 358.4 | E83: =K83+P83+U83+Z83+AE83+AJ83+AO83 -> 89.7 | F83: =F4 -> 81 | H83: =B4*H$79*$K$9 -> 1207.14 | I83: =C4*I$79*$K$9 -> 65.52 | J83: =D4*J$79*$K$9 -> 21 | K83: =E4*K$79*$K$9 -> 6 | M83: =B4*M$79*$K$9 -> 1371.75 | N83: =C4*N$79*$K$9 -> 101.92 | O83: =D4*O$79*$K$9 -> 49 | P83: =E4*P$79*$K$9 -> 12 | R83: =B4*R$79*$K$9 -> 2304.54 | S83: =C4*S$79*$K$9 -> 163.8 | T83: =D4*T$79*$K$9 -> 53.2 | U83: =E4*U$79*$K$9 -> 15 | W83: =B4*W$79*$K$9 -> 1097.4 | X83: =C4*X$79*$K$9 -> 80.08 | Y83: =D4*Y$79*$K$9 -> 39.2 | Z83: =E4*Z$79*$K$9 -> 9.6 | AB83: =B4*AB$79*$K$9 -> 2085.06 | AC83: =C4*AC$79*$K$9 -> 145.6 | AD83: =D4*AD$79*$K$9 -> 44.8 | AE83: =E4*AE$79*$K$9 -> 13.5 | AG83: =B4*AG$79*$K$9 -> 987.66 | AH83: =C4*AH$79*$K$9 -> 43.68 | AI83: =D4*AI$79*$K$9 -> 11.2 | AJ83: =E4*AJ$79*$K$9 -> 3.6 | AL83: =B4*AL$79 -> 5487 | AM83: =C4*AM$79 -> 364 | AN83: =D4*AN$79 -> 140 | AO83: =E4*AO$79 -> 30 | AQ83: Thu AM | AR83: 25
A84: Lock | B84: =H84+M84+R84+W84+AB84+AG84+AL84 -> 16718.85 | C84: =I84+N84+S84+X84+AC84+AH84+AM84 -> 1491.95 | D84: =J84+O84+T84+Y84+AD84+AI84+AN84 -> 727.04 | E84: =K84+P84+U84+Z84+AE84+AJ84+AO84 -> 158.47 | F84: =F5 -> 103 | H84: =B5*H$79*$K$9 -> 1387.98 | I84: =C5*I$79*$K$9 -> 101.34 | J84: =D5*J$79*$K$9 -> 42.6 | K84: =E5*K$79*$K$9 -> 10.6 | M84: =B5*M$79*$K$9 -> 1577.25 | N84: =C5*N$79*$K$9 -> 157.64 | O84: =D5*O$79*$K$9 -> 99.4 | P84: =E5*P$79*$K$9 -> 21.2 | R84: =B5*R$79*$K$9 -> 2649.78 | S84: =C5*S$79*$K$9 -> 253.35 | T84: =D5*T$79*$K$9 -> 107.92 | U84: =E5*U$79*$K$9 -> 26.5 | W84: =B5*W$79*$K$9 -> 1261.8 | X84: =C5*X$79*$K$9 -> 123.86 | Y84: =D5*Y$79*$K$9 -> 79.52 | Z84: =E5*Z$79*$K$9 -> 16.96 | AB84: =B5*AB$79*$K$9 -> 2397.42 | AC84: =C5*AC$79*$K$9 -> 225.2 | AD84: =D5*AD$79*$K$9 -> 90.88 | AE84: =E5*AE$79*$K$9 -> 23.85 | AG84: =B5*AG$79*$K$9 -> 1135.62 | AH84: =C5*AH$79*$K$9 -> 67.56 | AI84: =D5*AI$79*$K$9 -> 22.72 | AJ84: =E5*AJ$79*$K$9 -> 6.36 | AL84: =B5*AL$79 -> 6309 | AM84: =C5*AM$79 -> 563 | AN84: =D5*AN$79 -> 284 | AO84: =E5*AO$79 -> 53 | AQ84: Thu PM | AR84: 55
A85: Back row | B85: =H85+M85+R85+W85+AB85+AG85+AL85 -> 16957.35 | C85: =I85+N85+S85+X85+AC85+AH85+AM85 -> 1849.7 | D85: =J85+O85+T85+Y85+AD85+AI85+AN85 -> 911.36 | E85: =K85+P85+U85+Z85+AE85+AJ85+AO85 -> 212.29 | F85: =F6 -> 106 | H85: =B6*H$79*$K$9 -> 1407.78 | I85: =C6*I$79*$K$9 -> 125.64 | J85: =D6*J$79*$K$9 -> 53.4 | K85: =E6*K$79*$K$9 -> 14.2 | M85: =B6*M$79*$K$9 -> 1599.75 | N85: =C6*N$79*$K$9 -> 195.44 | O85: =D6*O$79*$K$9 -> 124.6 | P85: =E6*P$79*$K$9 -> 28.4 | R85: =B6*R$79*$K$9 -> 2687.58 | S85: =C6*S$79*$K$9 -> 314.1 | T85: =D6*T$79*$K$9 -> 135.28 | U85: =E6*U$79*$K$9 -> 35.5 | W85: =B6*W$79*$K$9 -> 1279.8 | X85: =C6*X$79*$K$9 -> 153.56 | Y85: =D6*Y$79*$K$9 -> 99.68 | Z85: =E6*Z$79*$K$9 -> 22.72 | AB85: =B6*AB$79*$K$9 -> 2431.62 | AC85: =C6*AC$79*$K$9 -> 279.2 | AD85: =D6*AD$79*$K$9 -> 113.92 | AE85: =E6*AE$79*$K$9 -> 31.95 | AG85: =B6*AG$79*$K$9 -> 1151.82 | AH85: =C6*AH$79*$K$9 -> 83.76 | AI85: =D6*AI$79*$K$9 -> 28.48 | AJ85: =E6*AJ$79*$K$9 -> 8.52 | AL85: =B6*AL$79 -> 6399 | AM85: =C6*AM$79 -> 698 | AN85: =D6*AN$79 -> 356 | AO85: =E6*AO$79 -> 71 | AQ85: Fri | AR85: 20
A86: Scrum-half | B86: =H86+M86+R86+W86+AB86+AG86+AL86 -> 17182.6 | C86: =I86+N86+S86+X86+AC86+AH86+AM86 -> 3161.45 | D86: =J86+O86+T86+Y86+AD86+AI86+AN86 -> 2096.64 | E86: =K86+P86+U86+Z86+AE86+AJ86+AO86 -> 304.98 | F86: =F7 -> 106 | H86: =B7*H$79*$K$9 -> 1426.48 | I86: =C7*I$79*$K$9 -> 214.74 | J86: =D7*J$79*$K$9 -> 122.85 | K86: =E7*K$79*$K$9 -> 20.4 | M86: =B7*M$79*$K$9 -> 1621 | N86: =C7*N$79*$K$9 -> 334.04 | O86: =D7*O$79*$K$9 -> 286.65 | P86: =E7*P$79*$K$9 -> 40.8 | R86: =B7*R$79*$K$9 -> 2723.28 | S86: =C7*S$79*$K$9 -> 536.85 | T86: =D7*T$79*$K$9 -> 311.22 | U86: =E7*U$79*$K$9 -> 51 | W86: =B7*W$79*$K$9 -> 1296.8 | X86: =C7*X$79*$K$9 -> 262.46 | Y86: =D7*Y$79*$K$9 -> 229.32 | Z86: =E7*Z$79*$K$9 -> 32.64 | AB86: =B7*AB$79*$K$9 -> 2463.92 | AC86: =C7*AC$79*$K$9 -> 477.2 | AD86: =D7*AD$79*$K$9 -> 262.08 | AE86: =E7*AE$79*$K$9 -> 45.9 | AG86: =B7*AG$79*$K$9 -> 1167.12 | AH86: =C7*AH$79*$K$9 -> 143.16 | AI86: =D7*AI$79*$K$9 -> 65.52 | AJ86: =E7*AJ$79*$K$9 -> 12.24 | AL86: =B7*AL$79 -> 6484 | AM86: =C7*AM$79 -> 1193 | AN86: =D7*AN$79 -> 819 | AO86: =E7*AO$79 -> 102 | AQ86: Sat | AR86: 80
A87: Fly-half | B87: =H87+M87+R87+W87+AB87+AG87+AL87 -> 16048.4 | C87: =I87+N87+S87+X87+AC87+AH87+AM87 -> 1751.65 | D87: =J87+O87+T87+Y87+AD87+AI87+AN87 -> 688.64 | E87: =K87+P87+U87+Z87+AE87+AJ87+AO87 -> 260.13 | F87: =F8 -> 95 | H87: =B8*H$79*$K$9 -> 1332.32 | I87: =C8*I$79*$K$9 -> 118.98 | J87: =D8*J$79*$K$9 -> 40.35 | K87: =E8*K$79*$K$9 -> 17.4 | M87: =B8*M$79*$K$9 -> 1514 | N87: =C8*N$79*$K$9 -> 185.08 | O87: =D8*O$79*$K$9 -> 94.15 | P87: =E8*P$79*$K$9 -> 34.8 | R87: =B8*R$79*$K$9 -> 2543.52 | S87: =C8*S$79*$K$9 -> 297.45 | T87: =D8*T$79*$K$9 -> 102.22 | U87: =E8*U$79*$K$9 -> 43.5 | W87: =B8*W$79*$K$9 -> 1211.2 | X87: =C8*X$79*$K$9 -> 145.42 | Y87: =D8*Y$79*$K$9 -> 75.32 | Z87: =E8*Z$79*$K$9 -> 27.84 | AB87: =B8*AB$79*$K$9 -> 2301.28 | AC87: =C8*AC$79*$K$9 -> 264.4 | AD87: =D8*AD$79*$K$9 -> 86.08 | AE87: =E8*AE$79*$K$9 -> 39.15 | AG87: =B8*AG$79*$K$9 -> 1090.08 | AH87: =C8*AH$79*$K$9 -> 79.32 | AI87: =D8*AI$79*$K$9 -> 21.52 | AJ87: =E8*AJ$79*$K$9 -> 10.44 | AL87: =B8*AL$79 -> 6056 | AM87: =C8*AM$79 -> 661 | AN87: =D8*AN$79 -> 269 | AO87: =E8*AO$79 -> 87 | AQ87: Total | AR87: =SUM(AR80:AR86) -> 300
A88: Center | B88: =H88+M88+R88+W88+AB88+AG88+AL88 -> 17906.05 | C88: =I88+N88+S88+X88+AC88+AH88+AM88 -> 2848.75 | D88: =J88+O88+T88+Y88+AD88+AI88+AN88 -> 1876.48 | E88: =K88+P88+U88+Z88+AE88+AJ88+AO88 -> 337.87 | F88: =F9 -> 112 | H88: =B9*H$79*$K$9 -> 1486.54 | I88: =C9*I$79*$K$9 -> 193.5 | J88: =D9*J$79*$K$9 -> 109.95 | K88: =E9*K$79*$K$9 -> 22.6 | M88: =B9*M$79*$K$9 -> 1689.25 | N88: =C9*N$79*$K$9 -> 301 | O88: =D9*O$79*$K$9 -> 256.55 | P88: =E9*P$79*$K$9 -> 45.2 | R88: =B9*R$79*$K$9 -> 2837.94 | S88: =C9*S$79*$K$9 -> 483.75 | T88: =D9*T$79*$K$9 -> 278.54 | U88: =E9*U$79*$K$9 -> 56.5 | W88: =B9*W$79*$K$9 -> 1351.4 | X88: =C9*X$79*$K$9 -> 236.5 | Y88: =D9*Y$79*$K$9 -> 205.24 | Z88: =E9*Z$79*$K$9 -> 36.16 | AB88: =B9*AB$79*$K$9 -> 2567.66 | AC88: =C9*AC$79*$K$9 -> 430 | AD88: =D9*AD$79*$K$9 -> 234.56 | AE88: =E9*AE$79*$K$9 -> 50.85 | AG88: =B9*AG$79*$K$9 -> 1216.26 | AH88: =C9*AH$79*$K$9 -> 129 | AI88: =D9*AI$79*$K$9 -> 58.64 | AJ88: =E9*AJ$79*$K$9 -> 13.56 | AL88: =B9*AL$79 -> 6757 | AM88: =C9*AM$79 -> 1075 | AN88: =D9*AN$79 -> 733 | AO88: =E9*AO$79 -> 113
A89: Wing | B89: =H89+M89+R89+W89+AB89+AG89+AL89 -> 19570.25 | C89: =I89+N89+S89+X89+AC89+AH89+AM89 -> 3421.15 | D89: =J89+O89+T89+Y89+AD89+AI89+AN89 -> 2647.04 | E89: =K89+P89+U89+Z89+AE89+AJ89+AO89 -> 313.95 | F89: =F10 -> 130 | H89: =B10*H$79*$K$9 -> 1624.7 | I89: =C10*I$79*$K$9 -> 232.38 | J89: =D10*J$79*$K$9 -> 155.1 | K89: =E10*K$79*$K$9 -> 21 | M89: =B10*M$79*$K$9 -> 1846.25 | N89: =C10*N$79*$K$9 -> 361.48 | O89: =D10*O$79*$K$9 -> 361.9 | P89: =E10*P$79*$K$9 -> 42 | R89: =B10*R$79*$K$9 -> 3101.7 | S89: =C10*S$79*$K$9 -> 580.95 | T89: =D10*T$79*$K$9 -> 392.92 | U89: =E10*U$79*$K$9 -> 52.5 | W89: =B10*W$79*$K$9 -> 1477 | X89: =C10*X$79*$K$9 -> 284.02 | Y89: =D10*Y$79*$K$9 -> 289.52 | Z89: =E10*Z$79*$K$9 -> 33.6 | AB89: =B10*AB$79*$K$9 -> 2806.3 | AC89: =C10*AC$79*$K$9 -> 516.4 | AD89: =D10*AD$79*$K$9 -> 330.88 | AE89: =E10*AE$79*$K$9 -> 47.25 | AG89: =B10*AG$79*$K$9 -> 1329.3 | AH89: =C10*AH$79*$K$9 -> 154.92 | AI89: =D10*AI$79*$K$9 -> 82.72 | AJ89: =E10*AJ$79*$K$9 -> 12.6 | AL89: =B10*AL$79 -> 7385 | AM89: =C10*AM$79 -> 1291 | AN89: =D10*AN$79 -> 1034 | AO89: =E10*AO$79 -> 105
A90: Fullback | B90: =H90+M90+R90+W90+AB90+AG90+AL90 -> 18894.5 | C90: =I90+N90+S90+X90+AC90+AH90+AM90 -> 2901.75 | D90: =J90+O90+T90+Y90+AD90+AI90+AN90 -> 2063.36 | E90: =K90+P90+U90+Z90+AE90+AJ90+AO90 -> 278.07 | F90: =F11 -> 121 | H90: =B11*H$79*$K$9 -> 1568.6 | I90: =C11*I$79*$K$9 -> 197.1 | J90: =D11*J$79*$K$9 -> 120.9 | K90: =E11*K$79*$K$9 -> 18.6 | M90: =B11*M$79*$K$9 -> 1782.5 | N90: =C11*N$79*$K$9 -> 306.6 | O90: =D11*O$79*$K$9 -> 282.1 | P90: =E11*P$79*$K$9 -> 37.2 | R90: =B11*R$79*$K$9 -> 2994.6 | S90: =C11*S$79*$K$9 -> 492.75 | T90: =D11*T$79*$K$9 -> 306.28 | U90: =E11*U$79*$K$9 -> 46.5 | W90: =B11*W$79*$K$9 -> 1426 | X90: =C11*X$79*$K$9 -> 240.9 | Y90: =D11*Y$79*$K$9 -> 225.68 | Z90: =E11*Z$79*$K$9 -> 29.76 | AB90: =B11*AB$79*$K$9 -> 2709.4 | AC90: =C11*AC$79*$K$9 -> 438 | AD90: =D11*AD$79*$K$9 -> 257.92 | AE90: =E11*AE$79*$K$9 -> 41.85 | AG90: =B11*AG$79*$K$9 -> 1283.4 | AH90: =C11*AH$79*$K$9 -> 131.4 | AI90: =D11*AI$79*$K$9 -> 64.48 | AJ90: =E11*AJ$79*$K$9 -> 11.16 | AL90: =B11*AL$79 -> 7130 | AM90: =C11*AM$79 -> 1095 | AN90: =D11*AN$79 -> 806 | AO90: =E11*AO$79 -> 93
H91: 0.22 | I91: 0.18 | J91: 0.15 | K91: 0.2 | M91: 0.25 | N91: 0.28 | O91: 0.35 | P91: 0.4 | R91: 0.42 | S91: 0.45 | T91: 0.38 | U91: 0.5 | W91: 0.2 | X91: 0.22 | Y91: 0.28 | Z91: 0.32 | AB91: 0.38 | AC91: 0.4 | AD91: 0.32 | AE91: 0.45 | AG91: 0.18 | AH91: 0.12 | AI91: 0.08 | AJ91: 0.12 | AL91: 1 | AM91: 1 | AN91: 1 | AO91: 1 | AQ91: Week 7 TOF (min)
A92: Week 7 | 11/2 - 11/8 | Match 11/7 | H92: Monday - Light Training | M92: Tuesday AM - Units | R92: Tuesday PM - Team | W92: Thursday AM - Units | AB92: Thursday PM - Team | AG92: Friday - Captain's Run | AL92: Saturday - MATCH (11/7) | AQ92: Mon | AR92: 30
A93: Position | B93: TD | C93: HMLD | D93: HSR | E93: A+D | F93: BIP m/min | H93: TD | I93: HMLD | J93: HSR | K93: A+D | M93: TD | N93: HMLD | O93: HSR | P93: A+D | R93: TD | S93: HMLD | T93: HSR | U93: A+D | W93: TD | X93: HMLD | Y93: HSR | Z93: A+D | AB93: TD | AC93: HMLD | AD93: HSR | AE93: A+D | AG93: TD | AH93: HMLD | AI93: HSR | AJ93: A+D | AL93: TD | AM93: HMLD | AN93: HSR | AO93: A+D | AQ93: Tue AM | AR93: 30
A94: Prop | B94: =H94+M94+R94+W94+AB94+AG94+AL94 -> 14259.097 | C94: =I94+N94+S94+X94+AC94+AH94+AM94 -> 990.9895 | D94: =J94+O94+T94+Y94+AD94+AI94+AN94 -> 245.08 | E94: =K94+P94+U94+Z94+AE94+AJ94+AO94 -> 88.3717 | F94: =F3 -> 85 | H94: =B3*H$91*$K$10 -> 1151.0796 | I94: =C3*I$91*$K$10 -> 65.4534 | J94: =D3*J$91*$K$10 -> 13.95 | K94: =E3*K$91*$K$10 -> 5.766 | M94: =B3*M$91*$K$10 -> 1308.045 | N94: =C3*N$91*$K$10 -> 101.8164 | O94: =D3*O$91*$K$10 -> 32.55 | P94: =E3*P$91*$K$10 -> 11.532 | R94: =B3*R$91*$K$10 -> 2197.5156 | S94: =C3*S$91*$K$10 -> 163.6335 | T94: =D3*T$91*$K$10 -> 35.34 | U94: =E3*U$91*$K$10 -> 14.415 | W94: =B3*W$91*$K$10 -> 1046.436 | X94: =C3*X$91*$K$10 -> 79.9986 | Y94: =D3*Y$91*$K$10 -> 26.04 | Z94: =E3*Z$91*$K$10 -> 9.2256 | AB94: =B3*AB$91*$K$10 -> 1988.2284 | AC94: =C3*AC$91*$K$10 -> 145.452 | AD94: =D3*AD$91*$K$10 -> 29.76 | AE94: =E3*AE$91*$K$10 -> 12.9735 | AG94: =B3*AG$91*$K$10 -> 941.7924 | AH94: =C3*AH$91*$K$10 -> 43.6356 | AI94: =D3*AI$91*$K$10 -> 7.44 | AJ94: =E3*AJ$91*$K$10 -> 3.4596 | AL94: =B3*AL$91 -> 5626 | AM94: =C3*AM$91 -> 391 | AN94: =D3*AN$91 -> 100 | AO94: =E3*AO$91 -> 31 | AQ94: Tue PM | AR94: 60
A95: Hooker | B95: =H95+M95+R95+W95+AB95+AG95+AL95 -> 13906.802 | C95: =I95+N95+S95+X95+AC95+AH95+AM95 -> 922.558 | D95: =J95+O95+T95+Y95+AD95+AI95+AN95 -> 343.112 | E95: =K95+P95+U95+Z95+AE95+AJ95+AO95 -> 85.521 | F95: =F4 -> 81 | H95: =B4*H$91*$K$10 -> 1122.6402 | I95: =C4*I$91*$K$10 -> 60.9336 | J95: =D4*J$91*$K$10 -> 19.53 | K95: =E4*K$91*$K$10 -> 5.58 | M95: =B4*M$91*$K$10 -> 1275.7275 | N95: =C4*N$91*$K$10 -> 94.7856 | O95: =D4*O$91*$K$10 -> 45.57 | P95: =E4*P$91*$K$10 -> 11.16 | R95: =B4*R$91*$K$10 -> 2143.2222 | S95: =C4*S$91*$K$10 -> 152.334 | T95: =D4*T$91*$K$10 -> 49.476 | U95: =E4*U$91*$K$10 -> 13.95 | W95: =B4*W$91*$K$10 -> 1020.582 | X95: =C4*X$91*$K$10 -> 74.4744 | Y95: =D4*Y$91*$K$10 -> 36.456 | Z95: =E4*Z$91*$K$10 -> 8.928 | AB95: =B4*AB$91*$K$10 -> 1939.1058 | AC95: =C4*AC$91*$K$10 -> 135.408 | AD95: =D4*AD$91*$K$10 -> 41.664 | AE95: =E4*AE$91*$K$10 -> 12.555 | AG95: =B4*AG$91*$K$10 -> 918.5238 | AH95: =C4*AH$91*$K$10 -> 40.6224 | AI95: =D4*AI$91*$K$10 -> 10.416 | AJ95: =E4*AJ$91*$K$10 -> 3.348 | AL95: =B4*AL$91 -> 5487 | AM95: =C4*AM$91 -> 364 | AN95: =D4*AN$91 -> 140 | AO95: =E4*AO$91 -> 30 | AQ95: Thu AM | AR95: 25
A96: Lock | B96: =H96+M96+R96+W96+AB96+AG96+AL96 -> 15990.16 | C96: =I96+N96+S96+X96+AC96+AH96+AM96 -> 1426.9235 | D96: =J96+O96+T96+Y96+AD96+AI96+AN96 -> 696.0272 | E96: =K96+P96+U96+Z96+AE96+AJ96+AO96 -> 151.0871 | F96: =F5 -> 103 | H96: =B5*H$91*$K$10 -> 1290.8214 | I96: =C5*I$91*$K$10 -> 94.2462 | J96: =D5*J$91*$K$10 -> 39.618 | K96: =E5*K$91*$K$10 -> 9.858 | M96: =B5*M$91*$K$10 -> 1466.8425 | N96: =C5*N$91*$K$10 -> 146.6052 | O96: =D5*O$91*$K$10 -> 92.442 | P96: =E5*P$91*$K$10 -> 19.716 | R96: =B5*R$91*$K$10 -> 2464.2954 | S96: =C5*S$91*$K$10 -> 235.6155 | T96: =D5*T$91*$K$10 -> 100.3656 | U96: =E5*U$91*$K$10 -> 24.645 | W96: =B5*W$91*$K$10 -> 1173.474 | X96: =C5*X$91*$K$10 -> 115.1898 | Y96: =D5*Y$91*$K$10 -> 73.9536 | Z96: =E5*Z$91*$K$10 -> 15.7728 | AB96: =B5*AB$91*$K$10 -> 2229.6006 | AC96: =C5*AC$91*$K$10 -> 209.436 | AD96: =D5*AD$91*$K$10 -> 84.5184 | AE96: =E5*AE$91*$K$10 -> 22.1805 | AG96: =B5*AG$91*$K$10 -> 1056.1266 | AH96: =C5*AH$91*$K$10 -> 62.8308 | AI96: =D5*AI$91*$K$10 -> 21.1296 | AJ96: =E5*AJ$91*$K$10 -> 5.9148 | AL96: =B5*AL$91 -> 6309 | AM96: =C5*AM$91 -> 563 | AN96: =D5*AN$91 -> 284 | AO96: =E5*AO$91 -> 53 | AQ96: Thu PM | AR96: 55
A97: Back row | B97: =H97+M97+R97+W97+AB97+AG97+AL97 -> 16218.266 | C97: =I97+N97+S97+X97+AC97+AH97+AM97 -> 1769.081 | D97: =J97+O97+T97+Y97+AD97+AI97+AN97 -> 872.4848 | E97: =K97+P97+U97+Z97+AE97+AJ97+AO97 -> 202.3997 | F97: =F6 -> 106 | H97: =B6*H$91*$K$10 -> 1309.2354 | I97: =C6*I$91*$K$10 -> 116.8452 | J97: =D6*J$91*$K$10 -> 49.662 | K97: =E6*K$91*$K$10 -> 13.206 | M97: =B6*M$91*$K$10 -> 1487.7675 | N97: =C6*N$91*$K$10 -> 181.7592 | O97: =D6*O$91*$K$10 -> 115.878 | P97: =E6*P$91*$K$10 -> 26.412 | R97: =B6*R$91*$K$10 -> 2499.4494 | S97: =C6*S$91*$K$10 -> 292.113 | T97: =D6*T$91*$K$10 -> 125.8104 | U97: =E6*U$91*$K$10 -> 33.015 | W97: =B6*W$91*$K$10 -> 1190.214 | X97: =C6*X$91*$K$10 -> 142.8108 | Y97: =D6*Y$91*$K$10 -> 92.7024 | Z97: =E6*Z$91*$K$10 -> 21.1296 | AB97: =B6*AB$91*$K$10 -> 2261.4066 | AC97: =C6*AC$91*$K$10 -> 259.656 | AD97: =D6*AD$91*$K$10 -> 105.9456 | AE97: =E6*AE$91*$K$10 -> 29.7135 | AG97: =B6*AG$91*$K$10 -> 1071.1926 | AH97: =C6*AH$91*$K$10 -> 77.8968 | AI97: =D6*AI$91*$K$10 -> 26.4864 | AJ97: =E6*AJ$91*$K$10 -> 7.9236 | AL97: =B6*AL$91 -> 6399 | AM97: =C6*AM$91 -> 698 | AN97: =D6*AN$91 -> 356 | AO97: =E6*AO$91 -> 71 | AQ97: Fri | AR97: 20
A98: Scrum-half | B98: =H98+M98+R98+W98+AB98+AG98+AL98 -> 16433.698 | C98: =I98+N98+S98+X98+AC98+AH98+AM98 -> 3023.6585 | D98: =J98+O98+T98+Y98+AD98+AI98+AN98 -> 2007.2052 | E98: =K98+P98+U98+Z98+AE98+AJ98+AO98 -> 290.7714 | F98: =F7 -> 106 | H98: =B7*H$91*$K$10 -> 1326.6264 | I98: =C7*I$91*$K$10 -> 199.7082 | J98: =D7*J$91*$K$10 -> 114.2505 | K98: =E7*K$91*$K$10 -> 18.972 | M98: =B7*M$91*$K$10 -> 1507.53 | N98: =C7*N$91*$K$10 -> 310.6572 | O98: =D7*O$91*$K$10 -> 266.5845 | P98: =E7*P$91*$K$10 -> 37.944 | R98: =B7*R$91*$K$10 -> 2532.6504 | S98: =C7*S$91*$K$10 -> 499.2705 | T98: =D7*T$91*$K$10 -> 289.4346 | U98: =E7*U$91*$K$10 -> 47.43 | W98: =B7*W$91*$K$10 -> 1206.024 | X98: =C7*X$91*$K$10 -> 244.0878 | Y98: =D7*Y$91*$K$10 -> 213.2676 | Z98: =E7*Z$91*$K$10 -> 30.3552 | AB98: =B7*AB$91*$K$10 -> 2291.4456 | AC98: =C7*AC$91*$K$10 -> 443.796 | AD98: =D7*AD$91*$K$10 -> 243.7344 | AE98: =E7*AE$91*$K$10 -> 42.687 | AG98: =B7*AG$91*$K$10 -> 1085.4216 | AH98: =C7*AH$91*$K$10 -> 133.1388 | AI98: =D7*AI$91*$K$10 -> 60.9336 | AJ98: =E7*AJ$91*$K$10 -> 11.3832 | AL98: =B7*AL$91 -> 6484 | AM98: =C7*AM$91 -> 1193 | AN98: =D7*AN$91 -> 819 | AO98: =E7*AO$91 -> 102 | AQ98: Sat | AR98: 80
A99: Fly-half | B99: =H99+M99+R99+W99+AB99+AG99+AL99 -> 15348.932 | C99: =I99+N99+S99+X99+AC99+AH99+AM99 -> 1675.3045 | D99: =J99+O99+T99+Y99+AD99+AI99+AN99 -> 659.2652 | E99: =K99+P99+U99+Z99+AE99+AJ99+AO99 -> 248.0109 | F99: =F8 -> 95 | H99: =B8*H$91*$K$10 -> 1239.0576 | I99: =C8*I$91*$K$10 -> 110.6514 | J99: =D8*J$91*$K$10 -> 37.5255 | K99: =E8*K$91*$K$10 -> 16.182 | M99: =B8*M$91*$K$10 -> 1408.02 | N99: =C8*N$91*$K$10 -> 172.1244 | O99: =D8*O$91*$K$10 -> 87.5595 | P99: =E8*P$91*$K$10 -> 32.364 | R99: =B8*R$91*$K$10 -> 2365.4736 | S99: =C8*S$91*$K$10 -> 276.6285 | T99: =D8*T$91*$K$10 -> 95.0646 | U99: =E8*U$91*$K$10 -> 40.455 | W99: =B8*W$91*$K$10 -> 1126.416 | X99: =C8*X$91*$K$10 -> 135.2406 | Y99: =D8*Y$91*$K$10 -> 70.0476 | Z99: =E8*Z$91*$K$10 -> 25.8912 | AB99: =B8*AB$91*$K$10 -> 2140.1904 | AC99: =C8*AC$91*$K$10 -> 245.892 | AD99: =D8*AD$91*$K$10 -> 80.0544 | AE99: =E8*AE$91*$K$10 -> 36.4095 | AG99: =B8*AG$91*$K$10 -> 1013.7744 | AH99: =C8*AH$91*$K$10 -> 73.7676 | AI99: =D8*AI$91*$K$10 -> 20.0136 | AJ99: =E8*AJ$91*$K$10 -> 9.7092 | AL99: =B8*AL$91 -> 6056 | AM99: =C8*AM$91 -> 661 | AN99: =D8*AN$91 -> 269 | AO99: =E8*AO$91 -> 87 | AQ99: Total | AR99: =SUM(AR92:AR98) -> 300
A100: Center | B100: =H100+M100+R100+W100+AB100+AG100+AL100 -> 17125.617 | C100: =I100+N100+S100+X100+AC100+AH100+AM100 -> 2724.5875 | D100: =J100+O100+T100+Y100+AD100+AI100+AN100 -> 1796.4364 | E100: =K100+P100+U100+Z100+AE100+AJ100+AO100 -> 322.1291 | F100: =F9 -> 112 | H100: =B9*H$91*$K$10 -> 1382.4822 | I100: =C9*I$91*$K$10 -> 179.955 | J100: =D9*J$91*$K$10 -> 102.2535 | K100: =E9*K$91*$K$10 -> 21.018 | M100: =B9*M$91*$K$10 -> 1571.0025 | N100: =C9*N$91*$K$10 -> 279.93 | O100: =D9*O$91*$K$10 -> 238.5915 | P100: =E9*P$91*$K$10 -> 42.036 | R100: =B9*R$91*$K$10 -> 2639.2842 | S100: =C9*S$91*$K$10 -> 449.8875 | T100: =D9*T$91*$K$10 -> 259.0422 | U100: =E9*U$91*$K$10 -> 52.545 | W100: =B9*W$91*$K$10 -> 1256.802 | X100: =C9*X$91*$K$10 -> 219.945 | Y100: =D9*Y$91*$K$10 -> 190.8732 | Z100: =E9*Z$91*$K$10 -> 33.6288 | AB100: =B9*AB$91*$K$10 -> 2387.9238 | AC100: =C9*AC$91*$K$10 -> 399.9 | AD100: =D9*AD$91*$K$10 -> 218.1408 | AE100: =E9*AE$91*$K$10 -> 47.2905 | AG100: =B9*AG$91*$K$10 -> 1131.1218 | AH100: =C9*AH$91*$K$10 -> 119.97 | AI100: =D9*AI$91*$K$10 -> 54.5352 | AJ100: =E9*AJ$91*$K$10 -> 12.6108 | AL100: =B9*AL$91 -> 6757 | AM100: =C9*AM$91 -> 1075 | AN100: =D9*AN$91 -> 733 | AO100: =E9*AO$91 -> 113
A101: Wing | B101: =H101+M101+R101+W101+AB101+AG101+AL101 -> 18717.283 | C101: =I101+N101+S101+X101+AC101+AH101+AM101 -> 3272.0395 | D101: =J101+O101+T101+Y101+AD101+AI101+AN101 -> 2534.1272 | E101: =K101+P101+U101+Z101+AE101+AJ101+AO101 -> 299.3235 | F101: =F10 -> 130 | H101: =B10*H$91*$K$10 -> 1510.971 | I101: =C10*I$91*$K$10 -> 216.1134 | J101: =D10*J$91*$K$10 -> 144.243 | K101: =E10*K$91*$K$10 -> 19.53 | M101: =B10*M$91*$K$10 -> 1717.0125 | N101: =C10*N$91*$K$10 -> 336.1764 | O101: =D10*O$91*$K$10 -> 336.567 | P101: =E10*P$91*$K$10 -> 39.06 | R101: =B10*R$91*$K$10 -> 2884.581 | S101: =C10*S$91*$K$10 -> 540.2835 | T101: =D10*T$91*$K$10 -> 365.4156 | U101: =E10*U$91*$K$10 -> 48.825 | W101: =B10*W$91*$K$10 -> 1373.61 | X101: =C10*X$91*$K$10 -> 264.1386 | Y101: =D10*Y$91*$K$10 -> 269.2536 | Z101: =E10*Z$91*$K$10 -> 31.248 | AB101: =B10*AB$91*$K$10 -> 2609.859 | AC101: =C10*AC$91*$K$10 -> 480.252 | AD101: =D10*AD$91*$K$10 -> 307.7184 | AE101: =E10*AE$91*$K$10 -> 43.9425 | AG101: =B10*AG$91*$K$10 -> 1236.249 | AH101: =C10*AH$91*$K$10 -> 144.0756 | AI101: =D10*AI$91*$K$10 -> 76.9296 | AJ101: =E10*AJ$91*$K$10 -> 11.718 | AL101: =B10*AL$91 -> 7385 | AM101: =C10*AM$91 -> 1291 | AN101: =D10*AN$91 -> 1034 | AO101: =E10*AO$91 -> 105
A102: Fullback | B102: =H102+M102+R102+W102+AB102+AG102+AL102 -> 18070.985 | C102: =I102+N102+S102+X102+AC102+AH102+AM102 -> 2775.2775 | D102: =J102+O102+T102+Y102+AD102+AI102+AN102 -> 1975.3448 | E102: =K102+P102+U102+Z102+AE102+AJ102+AO102 -> 265.1151 | F102: =F11 -> 121 | H102: =B11*H$91*$K$10 -> 1458.798 | I102: =C11*I$91*$K$10 -> 183.303 | J102: =D11*J$91*$K$10 -> 112.437 | K102: =E11*K$91*$K$10 -> 17.298 | M102: =B11*M$91*$K$10 -> 1657.725 | N102: =C11*N$91*$K$10 -> 285.138 | O102: =D11*O$91*$K$10 -> 262.353 | P102: =E11*P$91*$K$10 -> 34.596 | R102: =B11*R$91*$K$10 -> 2784.978 | S102: =C11*S$91*$K$10 -> 458.2575 | T102: =D11*T$91*$K$10 -> 284.8404 | U102: =E11*U$91*$K$10 -> 43.245 | W102: =B11*W$91*$K$10 -> 1326.18 | X102: =C11*X$91*$K$10 -> 224.037 | Y102: =D11*Y$91*$K$10 -> 209.8824 | Z102: =E11*Z$91*$K$10 -> 27.6768 | AB102: =B11*AB$91*$K$10 -> 2519.742 | AC102: =C11*AC$91*$K$10 -> 407.34 | AD102: =D11*AD$91*$K$10 -> 239.8656 | AE102: =E11*AE$91*$K$10 -> 38.9205 | AG102: =B11*AG$91*$K$10 -> 1193.562 | AH102: =C11*AH$91*$K$10 -> 122.202 | AI102: =D11*AI$91*$K$10 -> 59.9664 | AJ102: =E11*AJ$91*$K$10 -> 10.3788 | AL102: =B11*AL$91 -> 7130 | AM102: =C11*AM$91 -> 1095 | AN102: =D11*AN$91 -> 806 | AO102: =E11*AO$91 -> 93
H103: 0.18 | I103: 0.15 | J103: 0.12 | K103: 0.16 | M103: 0.22 | N103: 0.24 | O103: 0.32 | P103: 0.35 | R103: 0.38 | S103: 0.4 | T103: 0.34 | U103: 0.44 | W103: 0.14 | X103: 0.15 | Y103: 0.18 | Z103: 0.2 | AB103: 0.24 | AC103: 0.26 | AD103: 0.2 | AE103: 0.28 | AG103: 0.14 | AH103: 0.1 | AI103: 0.08 | AJ103: 0.1 | AL103: 1 | AM103: 1 | AN103: 1 | AO103: 1 | AQ103: Week 8 TOF (min)
...
